index,glyph_id,key_hex,key_bytes,char,source,reserved,unicode
0,0x2E,0x815B,815B,ー,original,0,U+30FC
1,0x2E,0x817C,817C,−,original,0,U+2212
2,0x48,0x829F,829F,ぁ,original,0,U+3041
3,0x00,0x82A0,82A0,あ,original,0,U+3042
4,0x49,0x82A1,82A1,ぃ,original,0,U+3043
5,0x01,0x82A2,82A2,い,original,0,U+3044
6,0x4A,0x82A3,82A3,ぅ,original,0,U+3045
7,0x02,0x82A4,82A4,う,original,0,U+3046
8,0x4B,0x82A5,82A5,ぇ,original,0,U+3047
9,0x03,0x82A6,82A6,え,original,0,U+3048
10,0x4C,0x82A7,82A7,ぉ,original,0,U+3049
11,0x04,0x82A8,82A8,お,original,0,U+304A
12,0x05,0x82A9,82A9,か,original,0,U+304B
13,0x2F,0x82AA,82AA,が,original,0,U+304C
14,0x06,0x82AB,82AB,き,original,0,U+304D
15,0x30,0x82AC,82AC,ぎ,original,0,U+304E
16,0x07,0x82AD,82AD,く,original,0,U+304F
17,0x31,0x82AE,82AE,ぐ,original,0,U+3050
18,0x08,0x82AF,82AF,け,original,0,U+3051
19,0x32,0x82B0,82B0,げ,original,0,U+3052
20,0x09,0x82B1,82B1,こ,original,0,U+3053
21,0x33,0x82B2,82B2,ご,original,0,U+3054
22,0x0A,0x82B3,82B3,さ,original,0,U+3055
23,0x34,0x82B4,82B4,ざ,original,0,U+3056
24,0x0B,0x82B5,82B5,し,original,0,U+3057
25,0x35,0x82B6,82B6,じ,original,0,U+3058
26,0x0C,0x82B7,82B7,す,original,0,U+3059
27,0x36,0x82B8,82B8,ず,original,0,U+305A
28,0x0D,0x82B9,82B9,せ,original,0,U+305B
29,0x37,0x82BA,82BA,ぜ,original,0,U+305C
30,0x0E,0x82BB,82BB,そ,original,0,U+305D
31,0x38,0x82BC,82BC,ぞ,original,0,U+305E
32,0x0F,0x82BD,82BD,た,original,0,U+305F
33,0x39,0x82BE,82BE,だ,original,0,U+3060
34,0x10,0x82BF,82BF,ち,original,0,U+3061
35,0x3A,0x82C0,82C0,ぢ,original,0,U+3062
36,0x4D,0x82C1,82C1,っ,original,0,U+3063
37,0x11,0x82C2,82C2,つ,original,0,U+3064
38,0x3B,0x82C3,82C3,づ,original,0,U+3065
39,0x12,0x82C4,82C4,て,original,0,U+3066
40,0x3C,0x82C5,82C5,で,original,0,U+3067
41,0x13,0x82C6,82C6,と,original,0,U+3068
42,0x3D,0x82C7,82C7,ど,original,0,U+3069
43,0x14,0x82C8,82C8,な,original,0,U+306A
44,0x15,0x82C9,82C9,に,original,0,U+306B
45,0x16,0x82CA,82CA,ぬ,original,0,U+306C
46,0x17,0x82CB,82CB,ね,original,0,U+306D
47,0x18,0x82CC,82CC,の,original,0,U+306E
48,0x19,0x82CD,82CD,は,original,0,U+306F
49,0x3E,0x82CE,82CE,ば,original,0,U+3070
50,0x43,0x82CF,82CF,ぱ,original,0,U+3071
51,0x1A,0x82D0,82D0,ひ,original,0,U+3072
52,0x3F,0x82D1,82D1,び,original,0,U+3073
53,0x44,0x82D2,82D2,ぴ,original,0,U+3074
54,0x1B,0x82D3,82D3,ふ,original,0,U+3075
55,0x40,0x82D4,82D4,ぶ,original,0,U+3076
56,0x45,0x82D5,82D5,ぷ,original,0,U+3077
57,0x1C,0x82D6,82D6,へ,original,0,U+3078
58,0x41,0x82D7,82D7,べ,original,0,U+3079
59,0x46,0x82D8,82D8,ぺ,original,0,U+307A
60,0x1D,0x82D9,82D9,ほ,original,0,U+307B
61,0x42,0x82DA,82DA,ぼ,original,0,U+307C
62,0x47,0x82DB,82DB,ぽ,original,0,U+307D
63,0x1E,0x82DC,82DC,ま,original,0,U+307E
64,0x1F,0x82DD,82DD,み,original,0,U+307F
65,0x20,0x82DE,82DE,む,original,0,U+3080
66,0x21,0x82DF,82DF,め,original,0,U+3081
67,0x22,0x82E0,82E0,も,original,0,U+3082
68,0x4E,0x82E1,82E1,ゃ,original,0,U+3083
69,0x23,0x82E2,82E2,や,original,0,U+3084
70,0x4F,0x82E3,82E3,ゅ,original,0,U+3085
71,0x24,0x82E4,82E4,ゆ,original,0,U+3086
72,0x50,0x82E5,82E5,ょ,original,0,U+3087
73,0x25,0x82E6,82E6,よ,original,0,U+3088
74,0x26,0x82E7,82E7,ら,original,0,U+3089
75,0x27,0x82E8,82E8,り,original,0,U+308A
76,0x28,0x82E9,82E9,る,original,0,U+308B
77,0x29,0x82EA,82EA,れ,original,0,U+308C
78,0x2A,0x82EB,82EB,ろ,original,0,U+308D
79,0x2B,0x82ED,82ED,わ,original,0,U+308F
80,0x2C,0x82F0,82F0,を,original,0,U+3092
81,0x2D,0x82F1,82F1,ん,original,0,U+3093
82,0x51,0xF040,F040,一,private,0,U+4E00
83,0x52,0xF041,F041,丁,private,0,U+4E01
84,0x53,0xF042,F042,七,private,0,U+4E03
85,0x54,0xF043,F043,万,private,0,U+4E07
86,0x55,0xF044,F044,三,private,0,U+4E09
87,0x56,0xF045,F045,上,private,0,U+4E0A
88,0x57,0xF046,F046,下,private,0,U+4E0B
89,0x58,0xF047,F047,不,private,0,U+4E0D
90,0x59,0xF048,F048,与,private,0,U+4E0E
91,0x5A,0xF049,F049,专,private,0,U+4E13
92,0x5B,0xF04A,F04A,且,private,0,U+4E14
93,0x5C,0xF04B,F04B,世,private,0,U+4E16
94,0x5D,0xF04C,F04C,业,private,0,U+4E1A
95,0x5E,0xF04D,F04D,丛,private,0,U+4E1B
96,0x5F,0xF04E,F04E,东,private,0,U+4E1C
97,0x60,0xF04F,F04F,丝,private,0,U+4E1D
98,0x61,0xF050,F050,丢,private,0,U+4E22
99,0x62,0xF051,F051,两,private,0,U+4E24
100,0x63,0xF052,F052,严,private,0,U+4E25
101,0x64,0xF053,F053,丧,private,0,U+4E27
102,0x65,0xF054,F054,个,private,0,U+4E2A
103,0x66,0xF055,F055,丫,private,0,U+4E2B
104,0x67,0xF056,F056,中,private,0,U+4E2D
105,0x68,0xF057,F057,丰,private,0,U+4E30
106,0x69,0xF058,F058,串,private,0,U+4E32
107,0x6A,0xF059,F059,临,private,0,U+4E34
108,0x6B,0xF05A,F05A,丸,private,0,U+4E38
109,0x6C,0xF05B,F05B,为,private,0,U+4E3A
110,0x6D,0xF05C,F05C,主,private,0,U+4E3B
111,0x6E,0xF05D,F05D,丽,private,0,U+4E3D
112,0x6F,0xF05E,F05E,举,private,0,U+4E3E
113,0x70,0xF05F,F05F,久,private,0,U+4E45
114,0x71,0xF060,F060,么,private,0,U+4E48
115,0x72,0xF061,F061,义,private,0,U+4E49
116,0x73,0xF062,F062,之,private,0,U+4E4B
117,0x74,0xF063,F063,乌,private,0,U+4E4C
118,0x75,0xF064,F064,乎,private,0,U+4E4E
119,0x76,0xF065,F065,乏,private,0,U+4E4F
120,0x77,0xF066,F066,乐,private,0,U+4E50
121,0x78,0xF067,F067,乖,private,0,U+4E56
122,0x79,0xF068,F068,也,private,0,U+4E5F
123,0x7A,0xF069,F069,习,private,0,U+4E60
124,0x7B,0xF06A,F06A,乡,private,0,U+4E61
125,0x7C,0xF06B,F06B,书,private,0,U+4E66
126,0x7D,0xF06C,F06C,买,private,0,U+4E70
127,0x7E,0xF06D,F06D,乱,private,0,U+4E71
128,0x7F,0xF06E,F06E,乳,private,0,U+4E73
129,0x80,0xF06F,F06F,了,private,0,U+4E86
130,0x81,0xF070,F070,予,private,0,U+4E88
131,0x82,0xF071,F071,争,private,0,U+4E89
132,0x83,0xF072,F072,事,private,0,U+4E8B
133,0x84,0xF073,F073,二,private,0,U+4E8C
134,0x85,0xF074,F074,于,private,0,U+4E8E
135,0x86,0xF075,F075,亏,private,0,U+4E8F
136,0x87,0xF076,F076,云,private,0,U+4E91
137,0x88,0xF077,F077,互,private,0,U+4E92
138,0x89,0xF078,F078,五,private,0,U+4E94
139,0x8A,0xF079,F079,井,private,0,U+4E95
140,0x8B,0xF07A,F07A,亚,private,0,U+4E9A
141,0x8C,0xF07B,F07B,些,private,0,U+4E9B
142,0x8D,0xF07C,F07C,交,private,0,U+4EA4
143,0x8E,0xF07D,F07D,亦,private,0,U+4EA6
144,0x8F,0xF07E,F07E,产,private,0,U+4EA7
145,0x90,0xF080,F080,享,private,0,U+4EAB
146,0x91,0xF081,F081,京,private,0,U+4EAC
147,0x92,0xF082,F082,亮,private,0,U+4EAE
148,0x93,0xF083,F083,亲,private,0,U+4EB2
149,0x94,0xF084,F084,人,private,0,U+4EBA
150,0x95,0xF085,F085,亿,private,0,U+4EBF
151,0x96,0xF086,F086,什,private,0,U+4EC0
152,0x97,0xF087,F087,仁,private,0,U+4EC1
153,0x98,0xF088,F088,仅,private,0,U+4EC5
154,0x99,0xF089,F089,仆,private,0,U+4EC6
155,0x9A,0xF08A,F08A,仇,private,0,U+4EC7
156,0x9B,0xF08B,F08B,今,private,0,U+4ECA
157,0x9C,0xF08C,F08C,介,private,0,U+4ECB
158,0x9D,0xF08D,F08D,仍,private,0,U+4ECD
159,0x9E,0xF08E,F08E,从,private,0,U+4ECE
160,0x9F,0xF08F,F08F,仓,private,0,U+4ED3
161,0xA0,0xF090,F090,仔,private,0,U+4ED4
162,0xA1,0xF091,F091,他,private,0,U+4ED6
163,0xA2,0xF092,F092,付,private,0,U+4ED8
164,0xA3,0xF093,F093,仙,private,0,U+4ED9
165,0xA4,0xF094,F094,代,private,0,U+4EE3
166,0xA5,0xF095,F095,令,private,0,U+4EE4
167,0xA6,0xF096,F096,以,private,0,U+4EE5
168,0xA7,0xF097,F097,仪,private,0,U+4EEA
169,0xA8,0xF098,F098,们,private,0,U+4EEC
170,0xA9,0xF099,F099,仰,private,0,U+4EF0
171,0xAA,0xF09A,F09A,件,private,0,U+4EF6
172,0xAB,0xF09B,F09B,价,private,0,U+4EF7
173,0xAC,0xF09C,F09C,任,private,0,U+4EFB
174,0xAD,0xF09D,F09D,份,private,0,U+4EFD
175,0xAE,0xF09E,F09E,仿,private,0,U+4EFF
176,0xAF,0xF09F,F09F,企,private,0,U+4F01
177,0xB0,0xF0A0,F0A0,伊,private,0,U+4F0A
178,0xB1,0xF0A1,F0A1,伍,private,0,U+4F0D
179,0xB2,0xF0A2,F0A2,伏,private,0,U+4F0F
180,0xB3,0xF0A3,F0A3,伐,private,0,U+4F10
181,0xB4,0xF0A4,F0A4,休,private,0,U+4F11
182,0xB5,0xF0A5,F0A5,众,private,0,U+4F17
183,0xB6,0xF0A6,F0A6,优,private,0,U+4F18
184,0xB7,0xF0A7,F0A7,伙,private,0,U+4F19
185,0xB8,0xF0A8,F0A8,会,private,0,U+4F1A
186,0xB9,0xF0A9,F0A9,伞,private,0,U+4F1E
187,0xBA,0xF0AA,F0AA,伟,private,0,U+4F1F
188,0xBB,0xF0AB,F0AB,传,private,0,U+4F20
189,0xBC,0xF0AC,F0AC,伤,private,0,U+4F24
190,0xBD,0xF0AD,F0AD,伦,private,0,U+4F26
191,0xBE,0xF0AE,F0AE,伪,private,0,U+4F2A
192,0xBF,0xF0AF,F0AF,估,private,0,U+4F30
193,0xC0,0xF0B0,F0B0,伴,private,0,U+4F34
194,0xC1,0xF0B1,F0B1,伸,private,0,U+4F38
195,0xC2,0xF0B2,F0B2,似,private,0,U+4F3C
196,0xC3,0xF0B3,F0B3,但,private,0,U+4F46
197,0xC4,0xF0B4,F0B4,位,private,0,U+4F4D
198,0xC5,0xF0B5,F0B5,低,private,0,U+4F4E
199,0xC6,0xF0B6,F0B6,住,private,0,U+4F4F
200,0xC7,0xF0B7,F0B7,佐,private,0,U+4F50
201,0xC8,0xF0B8,F0B8,体,private,0,U+4F53
202,0xC9,0xF0B9,F0B9,何,private,0,U+4F55
203,0xCA,0xF0BA,F0BA,余,private,0,U+4F59
204,0xCB,0xF0BB,F0BB,佛,private,0,U+4F5B
205,0xCC,0xF0BC,F0BC,作,private,0,U+4F5C
206,0xCD,0xF0BD,F0BD,你,private,0,U+4F60
207,0xCE,0xF0BE,F0BE,佣,private,0,U+4F63
208,0xCF,0xF0BF,F0BF,佩,private,0,U+4F69
209,0xD0,0xF0C0,F0C0,佳,private,0,U+4F73
210,0xD1,0xF0C1,F0C1,使,private,0,U+4F7F
211,0xD2,0xF0C2,F0C2,侈,private,0,U+4F88
212,0xD3,0xF0C3,F0C3,例,private,0,U+4F8B
213,0xD4,0xF0C4,F0C4,供,private,0,U+4F9B
214,0xD5,0xF0C5,F0C5,依,private,0,U+4F9D
215,0xD6,0xF0C6,F0C6,侣,private,0,U+4FA3
216,0xD7,0xF0C7,F0C7,侦,private,0,U+4FA6
217,0xD8,0xF0C8,F0C8,侧,private,0,U+4FA7
218,0xD9,0xF0C9,F0C9,侵,private,0,U+4FB5
219,0xDA,0xF0CA,F0CA,便,private,0,U+4FBF
220,0xDB,0xF0CB,F0CB,促,private,0,U+4FC3
221,0xDC,0xF0CC,F0CC,俏,private,0,U+4FCF
222,0xDD,0xF0CD,F0CD,俗,private,0,U+4FD7
223,0xDE,0xF0CE,F0CE,保,private,0,U+4FDD
224,0xDF,0xF0CF,F0CF,信,private,0,U+4FE1
225,0xE0,0xF0D0,F0D0,俩,private,0,U+4FE9
226,0xE1,0xF0D1,F0D1,修,private,0,U+4FEE
227,0xE2,0xF0D2,F0D2,俯,private,0,U+4FEF
228,0xE3,0xF0D3,F0D3,俱,private,0,U+4FF1
229,0xE4,0xF0D4,F0D4,俺,private,0,U+4FFA
230,0xE5,0xF0D5,F0D5,倍,private,0,U+500D
231,0xE6,0xF0D6,F0D6,倒,private,0,U+5012
232,0xE7,0xF0D7,F0D7,倔,private,0,U+5014
233,0xE8,0xF0D8,F0D8,候,private,0,U+5019
234,0xE9,0xF0D9,F0D9,借,private,0,U+501F
235,0xEA,0xF0DA,F0DA,倦,private,0,U+5026
236,0xEB,0xF0DB,F0DB,值,private,0,U+503C
237,0xEC,0xF0DC,F0DC,倾,private,0,U+503E
238,0xED,0xF0DD,F0DD,假,private,0,U+5047
239,0xEE,0xF0DE,F0DE,偏,private,0,U+504F
240,0xEF,0xF0DF,F0DF,做,private,0,U+505A
241,0xF0,0xF0E0,F0E0,停,private,0,U+505C
242,0xF1,0xF0E1,F0E1,健,private,0,U+5065
243,0xF2,0xF0E2,F0E2,偶,private,0,U+5076
244,0xF3,0xF0E3,F0E3,偷,private,0,U+5077
245,0xF4,0xF0E4,F0E4,催,private,0,U+50AC
246,0xF5,0xF0E5,F0E5,傲,private,0,U+50B2
247,0xF6,0xF0E6,F0E6,傻,private,0,U+50BB
248,0xF7,0xF0E7,F0E7,像,private,0,U+50CF
249,0xF8,0xF0E8,F0E8,僵,private,0,U+50F5
250,0xF9,0xF0E9,F0E9,儿,private,0,U+513F
251,0xFA,0xF0EA,F0EA,允,private,0,U+5141
252,0xFB,0xF0EB,F0EB,元,private,0,U+5143
253,0xFC,0xF0EC,F0EC,兄,private,0,U+5144
254,0xFD,0xF0ED,F0ED,充,private,0,U+5145
255,0xFE,0xF0EE,F0EE,兆,private,0,U+5146
256,0xFF,0xF0EF,F0EF,先,private,0,U+5148
257,0x100,0xF0F0,F0F0,光,private,0,U+5149
258,0x101,0xF0F1,F0F1,克,private,0,U+514B
259,0x102,0xF0F2,F0F2,免,private,0,U+514D
260,0x103,0xF0F3,F0F3,兔,private,0,U+5154
261,0x104,0xF0F4,F0F4,兢,private,0,U+5162
262,0x105,0xF0F5,F0F5,入,private,0,U+5165
263,0x106,0xF0F6,F0F6,全,private,0,U+5168
264,0x107,0xF0F7,F0F7,八,private,0,U+516B
265,0x108,0xF0F8,F0F8,公,private,0,U+516C
266,0x109,0xF0F9,F0F9,兮,private,0,U+516E
267,0x10A,0xF0FA,F0FA,共,private,0,U+5171
268,0x10B,0xF0FB,F0FB,关,private,0,U+5173
269,0x10C,0xF0FC,F0FC,兴,private,0,U+5174
270,0x10D,0xF140,F140,兵,private,0,U+5175
271,0x10E,0xF141,F141,其,private,0,U+5176
272,0x10F,0xF142,F142,具,private,0,U+5177
273,0x110,0xF143,F143,典,private,0,U+5178
274,0x111,0xF144,F144,养,private,0,U+517B
275,0x112,0xF145,F145,兼,private,0,U+517C
276,0x113,0xF146,F146,兽,private,0,U+517D
277,0x114,0xF147,F147,冀,private,0,U+5180
278,0x115,0xF148,F148,内,private,0,U+5185
279,0x116,0xF149,F149,冈,private,0,U+5188
280,0x117,0xF14A,F14A,册,private,0,U+518C
281,0x118,0xF14B,F14B,再,private,0,U+518D
282,0x119,0xF14C,F14C,冒,private,0,U+5192
283,0x11A,0xF14D,F14D,写,private,0,U+5199
284,0x11B,0xF14E,F14E,军,private,0,U+519B
285,0x11C,0xF14F,F14F,冠,private,0,U+51A0
286,0x11D,0xF150,F150,冤,private,0,U+51A4
287,0x11E,0xF151,F151,冬,private,0,U+51AC
288,0x11F,0xF152,F152,冰,private,0,U+51B0
289,0x120,0xF153,F153,冲,private,0,U+51B2
290,0x121,0xF154,F154,决,private,0,U+51B3
291,0x122,0xF155,F155,况,private,0,U+51B5
292,0x123,0xF156,F156,冷,private,0,U+51B7
293,0x124,0xF157,F157,冻,private,0,U+51BB
294,0x125,0xF158,F158,净,private,0,U+51C0
295,0x126,0xF159,F159,准,private,0,U+51C6
296,0x127,0xF15A,F15A,凉,private,0,U+51C9
297,0x128,0xF15B,F15B,凋,private,0,U+51CB
298,0x129,0xF15C,F15C,凌,private,0,U+51CC
299,0x12A,0xF15D,F15D,减,private,0,U+51CF
300,0x12B,0xF15E,F15E,凑,private,0,U+51D1
301,0x12C,0xF15F,F15F,凝,private,0,U+51DD
302,0x12D,0xF160,F160,几,private,0,U+51E0
303,0x12E,0xF161,F161,凡,private,0,U+51E1
304,0x12F,0xF162,F162,凭,private,0,U+51ED
305,0x130,0xF163,F163,凶,private,0,U+51F6
306,0x131,0xF164,F164,凸,private,0,U+51F8
307,0x132,0xF165,F165,出,private,0,U+51FA
308,0x133,0xF166,F166,击,private,0,U+51FB
309,0x134,0xF167,F167,函,private,0,U+51FD
310,0x135,0xF168,F168,刀,private,0,U+5200
311,0x136,0xF169,F169,刁,private,0,U+5201
312,0x137,0xF16A,F16A,刃,private,0,U+5203
313,0x138,0xF16B,F16B,分,private,0,U+5206
314,0x139,0xF16C,F16C,切,private,0,U+5207
315,0x13A,0xF16D,F16D,刊,private,0,U+520A
316,0x13B,0xF16E,F16E,刑,private,0,U+5211
317,0x13C,0xF16F,F16F,划,private,0,U+5212
318,0x13D,0xF170,F170,列,private,0,U+5217
319,0x13E,0xF171,F171,则,private,0,U+5219
320,0x13F,0xF172,F172,刚,private,0,U+521A
321,0x140,0xF173,F173,创,private,0,U+521B
322,0x141,0xF174,F174,初,private,0,U+521D
323,0x142,0xF175,F175,删,private,0,U+5220
324,0x143,0xF176,F176,判,private,0,U+5224
325,0x144,0xF177,F177,利,private,0,U+5229
326,0x145,0xF178,F178,别,private,0,U+522B
327,0x146,0xF179,F179,刮,private,0,U+522E
328,0x147,0xF17A,F17A,到,private,0,U+5230
329,0x148,0xF17B,F17B,制,private,0,U+5236
330,0x149,0xF17C,F17C,刷,private,0,U+5237
331,0x14A,0xF17D,F17D,券,private,0,U+5238
332,0x14B,0xF17E,F17E,刺,private,0,U+523A
333,0x14C,0xF180,F180,刻,private,0,U+523B
334,0x14D,0xF181,F181,剂,private,0,U+5242
335,0x14E,0xF182,F182,前,private,0,U+524D
336,0x14F,0xF183,F183,剑,private,0,U+5251
337,0x150,0xF184,F184,剔,private,0,U+5254
338,0x151,0xF185,F185,剖,private,0,U+5256
339,0x152,0xF186,F186,剧,private,0,U+5267
340,0x153,0xF187,F187,剩,private,0,U+5269
341,0x154,0xF188,F188,剪,private,0,U+526A
342,0x155,0xF189,F189,副,private,0,U+526F
343,0x156,0xF18A,F18A,劈,private,0,U+5288
344,0x157,0xF18B,F18B,力,private,0,U+529B
345,0x158,0xF18C,F18C,劝,private,0,U+529D
346,0x159,0xF18D,F18D,办,private,0,U+529E
347,0x15A,0xF18E,F18E,功,private,0,U+529F
348,0x15B,0xF18F,F18F,加,private,0,U+52A0
349,0x15C,0xF190,F190,务,private,0,U+52A1
350,0x15D,0xF191,F191,劣,private,0,U+52A3
351,0x15E,0xF192,F192,动,private,0,U+52A8
352,0x15F,0xF193,F193,助,private,0,U+52A9
353,0x160,0xF194,F194,努,private,0,U+52AA
354,0x161,0xF195,F195,励,private,0,U+52B1
355,0x162,0xF196,F196,劲,private,0,U+52B2
356,0x163,0xF197,F197,劳,private,0,U+52B3
357,0x164,0xF198,F198,势,private,0,U+52BF
358,0x165,0xF199,F199,勃,private,0,U+52C3
359,0x166,0xF19A,F19A,勇,private,0,U+52C7
360,0x167,0xF19B,F19B,勉,private,0,U+52C9
361,0x168,0xF19C,F19C,勒,private,0,U+52D2
362,0x169,0xF19D,F19D,募,private,0,U+52DF
363,0x16A,0xF19E,F19E,勤,private,0,U+52E4
364,0x16B,0xF19F,F19F,勾,private,0,U+52FE
365,0x16C,0xF1A0,F1A0,匀,private,0,U+5300
366,0x16D,0xF1A1,F1A1,包,private,0,U+5305
367,0x16E,0xF1A2,F1A2,匆,private,0,U+5306
368,0x16F,0xF1A3,F1A3,化,private,0,U+5316
369,0x170,0xF1A4,F1A4,北,private,0,U+5317
370,0x171,0xF1A5,F1A5,匹,private,0,U+5339
371,0x172,0xF1A6,F1A6,区,private,0,U+533A
372,0x173,0xF1A7,F1A7,医,private,0,U+533B
373,0x174,0xF1A8,F1A8,十,private,0,U+5341
374,0x175,0xF1A9,F1A9,千,private,0,U+5343
375,0x176,0xF1AA,F1AA,升,private,0,U+5347
376,0x177,0xF1AB,F1AB,午,private,0,U+5348
377,0x178,0xF1AC,F1AC,卉,private,0,U+5349
378,0x179,0xF1AD,F1AD,半,private,0,U+534A
379,0x17A,0xF1AE,F1AE,华,private,0,U+534E
380,0x17B,0xF1AF,F1AF,协,private,0,U+534F
381,0x17C,0xF1B0,F1B0,卑,private,0,U+5351
382,0x17D,0xF1B1,F1B1,单,private,0,U+5355
383,0x17E,0xF1B2,F1B2,卖,private,0,U+5356
384,0x17F,0xF1B3,F1B3,南,private,0,U+5357
385,0x180,0xF1B4,F1B4,博,private,0,U+535A
386,0x181,0xF1B5,F1B5,卜,private,0,U+535C
387,0x182,0xF1B6,F1B6,卟,private,0,U+535F
388,0x183,0xF1B7,F1B7,占,private,0,U+5360
389,0x184,0xF1B8,F1B8,卡,private,0,U+5361
390,0x185,0xF1B9,F1B9,卧,private,0,U+5367
391,0x186,0xF1BA,F1BA,卫,private,0,U+536B
392,0x187,0xF1BB,F1BB,印,private,0,U+5370
393,0x188,0xF1BC,F1BC,危,private,0,U+5371
394,0x189,0xF1BD,F1BD,即,private,0,U+5373
395,0x18A,0xF1BE,F1BE,却,private,0,U+5374
396,0x18B,0xF1BF,F1BF,卵,private,0,U+5375
397,0x18C,0xF1C0,F1C0,卷,private,0,U+5377
398,0x18D,0xF1C1,F1C1,厂,private,0,U+5382
399,0x18E,0xF1C2,F1C2,厅,private,0,U+5385
400,0x18F,0xF1C3,F1C3,历,private,0,U+5386
401,0x190,0xF1C4,F1C4,厉,private,0,U+5389
402,0x191,0xF1C5,F1C5,压,private,0,U+538B
403,0x192,0xF1C6,F1C6,厌,private,0,U+538C
404,0x193,0xF1C7,F1C7,厕,private,0,U+5395
405,0x194,0xF1C8,F1C8,厚,private,0,U+539A
406,0x195,0xF1C9,F1C9,原,private,0,U+539F
407,0x196,0xF1CA,F1CA,厢,private,0,U+53A2
408,0x197,0xF1CB,F1CB,厨,private,0,U+53A8
409,0x198,0xF1CC,F1CC,去,private,0,U+53BB
410,0x199,0xF1CD,F1CD,县,private,0,U+53BF
411,0x19A,0xF1CE,F1CE,参,private,0,U+53C2
412,0x19B,0xF1CF,F1CF,又,private,0,U+53C8
413,0x19C,0xF1D0,F1D0,叉,private,0,U+53C9
414,0x19D,0xF1D1,F1D1,及,private,0,U+53CA
415,0x19E,0xF1D2,F1D2,友,private,0,U+53CB
416,0x19F,0xF1D3,F1D3,双,private,0,U+53CC
417,0x1A0,0xF1D4,F1D4,反,private,0,U+53CD
418,0x1A1,0xF1D5,F1D5,发,private,0,U+53D1
419,0x1A2,0xF1D6,F1D6,叔,private,0,U+53D4
420,0x1A3,0xF1D7,F1D7,取,private,0,U+53D6
421,0x1A4,0xF1D8,F1D8,受,private,0,U+53D7
422,0x1A5,0xF1D9,F1D9,变,private,0,U+53D8
423,0x1A6,0xF1DA,F1DA,叙,private,0,U+53D9
424,0x1A7,0xF1DB,F1DB,叛,private,0,U+53DB
425,0x1A8,0xF1DC,F1DC,叠,private,0,U+53E0
426,0x1A9,0xF1DD,F1DD,口,private,0,U+53E3
427,0x1AA,0xF1DE,F1DE,古,private,0,U+53E4
428,0x1AB,0xF1DF,F1DF,句,private,0,U+53E5
429,0x1AC,0xF1E0,F1E0,另,private,0,U+53E6
430,0x1AD,0xF1E1,F1E1,叨,private,0,U+53E8
431,0x1AE,0xF1E2,F1E2,只,private,0,U+53EA
432,0x1AF,0xF1E3,F1E3,叫,private,0,U+53EB
433,0x1B0,0xF1E4,F1E4,召,private,0,U+53EC
434,0x1B1,0xF1E5,F1E5,叭,private,0,U+53ED
435,0x1B2,0xF1E6,F1E6,叮,private,0,U+53EE
436,0x1B3,0xF1E7,F1E7,可,private,0,U+53EF
437,0x1B4,0xF1E8,F1E8,台,private,0,U+53F0
438,0x1B5,0xF1E9,F1E9,史,private,0,U+53F2
439,0x1B6,0xF1EA,F1EA,右,private,0,U+53F3
440,0x1B7,0xF1EB,F1EB,叶,private,0,U+53F6
441,0x1B8,0xF1EC,F1EC,号,private,0,U+53F7
442,0x1B9,0xF1ED,F1ED,司,private,0,U+53F8
443,0x1BA,0xF1EE,F1EE,叹,private,0,U+53F9
444,0x1BB,0xF1EF,F1EF,叽,private,0,U+53FD
445,0x1BC,0xF1F0,F1F0,吃,private,0,U+5403
446,0x1BD,0xF1F1,F1F1,各,private,0,U+5404
447,0x1BE,0xF1F2,F1F2,吆,private,0,U+5406
448,0x1BF,0xF1F3,F1F3,合,private,0,U+5408
449,0x1C0,0xF1F4,F1F4,吉,private,0,U+5409
450,0x1C1,0xF1F5,F1F5,吊,private,0,U+540A
451,0x1C2,0xF1F6,F1F6,同,private,0,U+540C
452,0x1C3,0xF1F7,F1F7,名,private,0,U+540D
453,0x1C4,0xF1F8,F1F8,后,private,0,U+540E
454,0x1C5,0xF1F9,F1F9,吐,private,0,U+5410
455,0x1C6,0xF1FA,F1FA,向,private,0,U+5411
456,0x1C7,0xF1FB,F1FB,吓,private,0,U+5413
457,0x1C8,0xF1FC,F1FC,吗,private,0,U+5417
458,0x1C9,0xF240,F240,君,private,0,U+541B
459,0x1CA,0xF241,F241,吞,private,0,U+541E
460,0x1CB,0xF242,F242,吡,private,0,U+5421
461,0x1CC,0xF243,F243,否,private,0,U+5426
462,0x1CD,0xF244,F244,吧,private,0,U+5427
463,0x1CE,0xF245,F245,吩,private,0,U+5429
464,0x1CF,0xF246,F246,含,private,0,U+542B
465,0x1D0,0xF247,F247,听,private,0,U+542C
466,0x1D1,0xF248,F248,启,private,0,U+542F
467,0x1D2,0xF249,F249,吱,private,0,U+5431
468,0x1D3,0xF24A,F24A,吵,private,0,U+5435
469,0x1D4,0xF24B,F24B,吸,private,0,U+5438
470,0x1D5,0xF24C,F24C,吹,private,0,U+5439
471,0x1D6,0xF24D,F24D,吻,private,0,U+543B
472,0x1D7,0xF24E,F24E,吼,private,0,U+543C
473,0x1D8,0xF24F,F24F,呀,private,0,U+5440
474,0x1D9,0xF250,F250,呃,private,0,U+5443
475,0x1DA,0xF251,F251,呆,private,0,U+5446
476,0x1DB,0xF252,F252,告,private,0,U+544A
477,0x1DC,0xF253,F253,呐,private,0,U+5450
478,0x1DD,0xF254,F254,呕,private,0,U+5455
479,0x1DE,0xF255,F255,员,private,0,U+5458
480,0x1DF,0xF256,F256,呜,private,0,U+545C
481,0x1E0,0xF257,F257,呢,private,0,U+5462
482,0x1E1,0xF258,F258,呦,private,0,U+5466
483,0x1E2,0xF259,F259,周,private,0,U+5468
484,0x1E3,0xF25A,F25A,味,private,0,U+5473
485,0x1E4,0xF25B,F25B,呵,private,0,U+5475
486,0x1E5,0xF25C,F25C,呸,private,0,U+5478
487,0x1E6,0xF25D,F25D,呼,private,0,U+547C
488,0x1E7,0xF25E,F25E,命,private,0,U+547D
489,0x1E8,0xF25F,F25F,和,private,0,U+548C
490,0x1E9,0xF260,F260,咐,private,0,U+5490
491,0x1EA,0xF261,F261,咒,private,0,U+5492
492,0x1EB,0xF262,F262,咔,private,0,U+5494
493,0x1EC,0xF263,F263,咕,private,0,U+5495
494,0x1ED,0xF264,F264,咖,private,0,U+5496
495,0x1EE,0xF265,F265,咙,private,0,U+5499
496,0x1EF,0xF266,F266,咚,private,0,U+549A
497,0x1F0,0xF267,F267,咣,private,0,U+54A3
498,0x1F1,0xF268,F268,咦,private,0,U+54A6
499,0x1F2,0xF269,F269,咧,private,0,U+54A7
500,0x1F3,0xF26A,F26A,咪,private,0,U+54AA
501,0x1F4,0xF26B,F26B,咬,private,0,U+54AC
502,0x1F5,0xF26C,F26C,咯,private,0,U+54AF
503,0x1F6,0xF26D,F26D,咱,private,0,U+54B1
504,0x1F7,0xF26E,F26E,咳,private,0,U+54B3
505,0x1F8,0xF26F,F26F,咻,private,0,U+54BB
506,0x1F9,0xF270,F270,咽,private,0,U+54BD
507,0x1FA,0xF271,F271,咿,private,0,U+54BF
508,0x1FB,0xF272,F272,品,private,0,U+54C1
509,0x1FC,0xF273,F273,哇,private,0,U+54C7
510,0x1FD,0xF274,F274,哈,private,0,U+54C8
511,0x1FE,0xF275,F275,哉,private,0,U+54C9
512,0x1FF,0xF276,F276,响,private,0,U+54CD
513,0x200,0xF277,F277,哎,private,0,U+54CE
514,0x201,0xF278,F278,哐,private,0,U+54D0
515,0x202,0xF279,F279,哑,private,0,U+54D1
516,0x203,0xF27A,F27A,哒,private,0,U+54D2
517,0x204,0xF27B,F27B,哔,private,0,U+54D4
518,0x205,0xF27C,F27C,哗,private,0,U+54D7
519,0x206,0xF27D,F27D,哝,private,0,U+54DD
520,0x207,0xF27E,F27E,哟,private,0,U+54DF
521,0x208,0xF280,F280,哥,private,0,U+54E5
522,0x209,0xF281,F281,哦,private,0,U+54E6
523,0x20A,0xF282,F282,哧,private,0,U+54E7
524,0x20B,0xF283,F283,哨,private,0,U+54E8
525,0x20C,0xF284,F284,哩,private,0,U+54E9
526,0x20D,0xF285,F285,哪,private,0,U+54EA
527,0x20E,0xF286,F286,哭,private,0,U+54ED
528,0x20F,0xF287,F287,哲,private,0,U+54F2
529,0x210,0xF288,F288,哺,private,0,U+54FA
530,0x211,0xF289,F289,哼,private,0,U+54FC
531,0x212,0xF28A,F28A,唇,private,0,U+5507
532,0x213,0xF28B,F28B,唉,private,0,U+5509
533,0x214,0xF28C,F28C,唐,private,0,U+5510
534,0x215,0xF28D,F28D,唔,private,0,U+5514
535,0x216,0xF28E,F28E,唤,private,0,U+5524
536,0x217,0xF28F,F28F,唧,private,0,U+5527
537,0x218,0xF290,F290,唬,private,0,U+552C
538,0x219,0xF291,F291,售,private,0,U+552E
539,0x21A,0xF292,F292,唯,private,0,U+552F
540,0x21B,0xF293,F293,唰,private,0,U+5530
541,0x21C,0xF294,F294,唱,private,0,U+5531
542,0x21D,0xF295,F295,唷,private,0,U+5537
543,0x21E,0xF296,F296,商,private,0,U+5546
544,0x21F,0xF297,F297,啊,private,0,U+554A
545,0x220,0xF298,F298,啡,private,0,U+5561
546,0x221,0xF299,F299,啥,private,0,U+5565
547,0x222,0xF29A,F29A,啦,private,0,U+5566
548,0x223,0xF29B,F29B,啧,private,0,U+5567
549,0x224,0xF29C,F29C,啪,private,0,U+556A
550,0x225,0xF29D,F29D,啰,private,0,U+5570
551,0x226,0xF29E,F29E,啵,private,0,U+5575
552,0x227,0xF29F,F29F,啾,private,0,U+557E
553,0x228,0xF2A0,F2A0,喀,private,0,U+5580
554,0x229,0xF2A1,F2A1,喂,private,0,U+5582
555,0x22A,0xF2A2,F2A2,善,private,0,U+5584
556,0x22B,0xF2A3,F2A3,喉,private,0,U+5589
557,0x22C,0xF2A4,F2A4,喊,private,0,U+558A
558,0x22D,0xF2A5,F2A5,喔,private,0,U+5594
559,0x22E,0xF2A6,F2A6,喘,private,0,U+5598
560,0x22F,0xF2A7,F2A7,喙,private,0,U+5599
561,0x230,0xF2A8,F2A8,喜,private,0,U+559C
562,0x231,0xF2A9,F2A9,喝,private,0,U+559D
563,0x232,0xF2AA,F2AA,喱,private,0,U+55B1
564,0x233,0xF2AB,F2AB,喳,private,0,U+55B3
565,0x234,0xF2AC,F2AC,喵,private,0,U+55B5
566,0x235,0xF2AD,F2AD,喷,private,0,U+55B7
567,0x236,0xF2AE,F2AE,喻,private,0,U+55BB
568,0x237,0xF2AF,F2AF,喽,private,0,U+55BD
569,0x238,0xF2B0,F2B0,嗅,private,0,U+55C5
570,0x239,0xF2B1,F2B1,嗒,private,0,U+55D2
571,0x23A,0xF2B2,F2B2,嗓,private,0,U+55D3
572,0x23B,0xF2B3,F2B3,嗖,private,0,U+55D6
573,0x23C,0xF2B4,F2B4,嗜,private,0,U+55DC
574,0x23D,0xF2B5,F2B5,嗝,private,0,U+55DD
575,0x23E,0xF2B6,F2B6,嗡,private,0,U+55E1
576,0x23F,0xF2B7,F2B7,嗦,private,0,U+55E6
577,0x240,0xF2B8,F2B8,嗨,private,0,U+55E8
578,0x241,0xF2B9,F2B9,嗬,private,0,U+55EC
579,0x242,0xF2BA,F2BA,嗯,private,0,U+55EF
580,0x243,0xF2BB,F2BB,嗵,private,0,U+55F5
581,0x244,0xF2BC,F2BC,嗷,private,0,U+55F7
582,0x245,0xF2BD,F2BD,嗽,private,0,U+55FD
583,0x246,0xF2BE,F2BE,嘀,private,0,U+5600
584,0x247,0xF2BF,F2BF,嘉,private,0,U+5609
585,0x248,0xF2C0,F2C0,嘎,private,0,U+560E
586,0x249,0xF2C1,F2C1,嘛,private,0,U+561B
587,0x24A,0xF2C2,F2C2,嘞,private,0,U+561E
588,0x24B,0xF2C3,F2C3,嘟,private,0,U+561F
589,0x24C,0xF2C4,F2C4,嘣,private,0,U+5623
590,0x24D,0xF2C5,F2C5,嘲,private,0,U+5632
591,0x24E,0xF2C6,F2C6,嘴,private,0,U+5634
592,0x24F,0xF2C7,F2C7,嘶,private,0,U+5636
593,0x250,0xF2C8,F2C8,嘻,private,0,U+563B
594,0x251,0xF2C9,F2C9,嘿,private,0,U+563F
595,0x252,0xF2CA,F2CA,噌,private,0,U+564C
596,0x253,0xF2CB,F2CB,噔,private,0,U+5654
597,0x254,0xF2CC,F2CC,噗,private,0,U+5657
598,0x255,0xF2CD,F2CD,噜,private,0,U+565C
599,0x256,0xF2CE,F2CE,噢,private,0,U+5662
600,0x257,0xF2CF,F2CF,器,private,0,U+5668
601,0x258,0xF2D0,F2D0,噫,private,0,U+566B
602,0x259,0xF2D1,F2D1,噬,private,0,U+566C
603,0x25A,0xF2D2,F2D2,噶,private,0,U+5676
604,0x25B,0xF2D3,F2D3,噻,private,0,U+567B
605,0x25C,0xF2D4,F2D4,噼,private,0,U+567C
606,0x25D,0xF2D5,F2D5,嚏,private,0,U+568F
607,0x25E,0xF2D6,F2D6,嚓,private,0,U+5693
608,0x25F,0xF2D7,F2D7,嚣,private,0,U+56A3
609,0x260,0xF2D8,F2D8,嚯,private,0,U+56AF
610,0x261,0xF2D9,F2D9,嚼,private,0,U+56BC
611,0x262,0xF2DA,F2DA,囊,private,0,U+56CA
612,0x263,0xF2DB,F2DB,囚,private,0,U+56DA
613,0x264,0xF2DC,F2DC,四,private,0,U+56DB
614,0x265,0xF2DD,F2DD,回,private,0,U+56DE
615,0x266,0xF2DE,F2DE,因,private,0,U+56E0
616,0x267,0xF2DF,F2DF,团,private,0,U+56E2
617,0x268,0xF2E0,F2E0,园,private,0,U+56ED
618,0x269,0xF2E1,F2E1,困,private,0,U+56F0
619,0x26A,0xF2E2,F2E2,围,private,0,U+56F4
620,0x26B,0xF2E3,F2E3,固,private,0,U+56FA
621,0x26C,0xF2E4,F2E4,国,private,0,U+56FD
622,0x26D,0xF2E5,F2E5,图,private,0,U+56FE
623,0x26E,0xF2E6,F2E6,圆,private,0,U+5706
624,0x26F,0xF2E7,F2E7,圈,private,0,U+5708
625,0x270,0xF2E8,F2E8,土,private,0,U+571F
626,0x271,0xF2E9,F2E9,圣,private,0,U+5723
627,0x272,0xF2EA,F2EA,在,private,0,U+5728
628,0x273,0xF2EB,F2EB,地,private,0,U+5730
629,0x274,0xF2EC,F2EC,场,private,0,U+573A
630,0x275,0xF2ED,F2ED,圾,private,0,U+573E
631,0x276,0xF2EE,F2EE,址,private,0,U+5740
632,0x277,0xF2EF,F2EF,坂,private,0,U+5742
633,0x278,0xF2F0,F2F0,均,private,0,U+5747
634,0x279,0xF2F1,F2F1,坏,private,0,U+574F
635,0x27A,0xF2F2,F2F2,坐,private,0,U+5750
636,0x27B,0xF2F3,F2F3,坑,private,0,U+5751
637,0x27C,0xF2F4,F2F4,块,private,0,U+5757
638,0x27D,0xF2F5,F2F5,坚,private,0,U+575A
639,0x27E,0xF2F6,F2F6,坛,private,0,U+575B
640,0x27F,0xF2F7,F2F7,坝,private,0,U+575D
641,0x280,0xF2F8,F2F8,坠,private,0,U+5760
642,0x281,0xF2F9,F2F9,坡,private,0,U+5761
643,0x282,0xF2FA,F2FA,坦,private,0,U+5766
644,0x283,0xF2FB,F2FB,垂,private,0,U+5782
645,0x284,0xF2FC,F2FC,垃,private,0,U+5783
646,0x285,0xF340,F340,型,private,0,U+578B
647,0x286,0xF341,F341,垒,private,0,U+5792
648,0x287,0xF342,F342,垫,private,0,U+57AB
649,0x288,0xF343,F343,垮,private,0,U+57AE
650,0x289,0xF344,F344,埋,private,0,U+57CB
651,0x28A,0xF345,F345,城,private,0,U+57CE
652,0x28B,0xF346,F346,域,private,0,U+57DF
653,0x28C,0xF347,F347,培,private,0,U+57F9
654,0x28D,0xF348,F348,基,private,0,U+57FA
655,0x28E,0xF349,F349,埼,private,0,U+57FC
656,0x28F,0xF34A,F34A,堂,private,0,U+5802
657,0x290,0xF34B,F34B,堆,private,0,U+5806
658,0x291,0xF34C,F34C,堕,private,0,U+5815
659,0x292,0xF34D,F34D,堤,private,0,U+5824
660,0x293,0xF34E,F34E,堪,private,0,U+582A
661,0x294,0xF34F,F34F,堵,private,0,U+5835
662,0x295,0xF350,F350,塌,private,0,U+584C
663,0x296,0xF351,F351,塑,private,0,U+5851
664,0x297,0xF352,F352,塔,private,0,U+5854
665,0x298,0xF353,F353,塞,private,0,U+585E
666,0x299,0xF354,F354,填,private,0,U+586B
667,0x29A,0xF355,F355,塾,private,0,U+587E
668,0x29B,0xF356,F356,境,private,0,U+5883
669,0x29C,0xF357,F357,墙,private,0,U+5899
670,0x29D,0xF358,F358,增,private,0,U+589E
671,0x29E,0xF359,F359,壁,private,0,U+58C1
672,0x29F,0xF35A,F35A,士,private,0,U+58EB
673,0x2A0,0xF35B,F35B,壮,private,0,U+58EE
674,0x2A1,0xF35C,F35C,声,private,0,U+58F0
675,0x2A2,0xF35D,F35D,壶,private,0,U+58F6
676,0x2A3,0xF35E,F35E,处,private,0,U+5904
677,0x2A4,0xF35F,F35F,备,private,0,U+5907
678,0x2A5,0xF360,F360,复,private,0,U+590D
679,0x2A6,0xF361,F361,夕,private,0,U+5915
680,0x2A7,0xF362,F362,外,private,0,U+5916
681,0x2A8,0xF363,F363,多,private,0,U+591A
682,0x2A9,0xF364,F364,夜,private,0,U+591C
683,0x2AA,0xF365,F365,够,private,0,U+591F
684,0x2AB,0xF366,F366,大,private,0,U+5927
685,0x2AC,0xF367,F367,天,private,0,U+5929
686,0x2AD,0xF368,F368,太,private,0,U+592A
687,0x2AE,0xF369,F369,夫,private,0,U+592B
688,0x2AF,0xF36A,F36A,失,private,0,U+5931
689,0x2B0,0xF36B,F36B,头,private,0,U+5934
690,0x2B1,0xF36C,F36C,夷,private,0,U+5937
691,0x2B2,0xF36D,F36D,夸,private,0,U+5938
692,0x2B3,0xF36E,F36E,夹,private,0,U+5939
693,0x2B4,0xF36F,F36F,夺,private,0,U+593A
694,0x2B5,0xF370,F370,奇,private,0,U+5947
695,0x2B6,0xF371,F371,奈,private,0,U+5948
696,0x2B7,0xF372,F372,奉,private,0,U+5949
697,0x2B8,0xF373,F373,奋,private,0,U+594B
698,0x2B9,0xF374,F374,奏,private,0,U+594F
699,0x2BA,0xF375,F375,契,private,0,U+5951
700,0x2BB,0xF376,F376,奔,private,0,U+5954
701,0x2BC,0xF377,F377,奖,private,0,U+5956
702,0x2BD,0xF378,F378,套,private,0,U+5957
703,0x2BE,0xF379,F379,奢,private,0,U+5962
704,0x2BF,0xF37A,F37A,奥,private,0,U+5965
705,0x2C0,0xF37B,F37B,女,private,0,U+5973
706,0x2C1,0xF37C,F37C,奶,private,0,U+5976
707,0x2C2,0xF37D,F37D,她,private,0,U+5979
708,0x2C3,0xF37E,F37E,好,private,0,U+597D
709,0x2C4,0xF380,F380,如,private,0,U+5982
710,0x2C5,0xF381,F381,妄,private,0,U+5984
711,0x2C6,0xF382,F382,妆,private,0,U+5986
712,0x2C7,0xF383,F383,妇,private,0,U+5987
713,0x2C8,0xF384,F384,妈,private,0,U+5988
714,0x2C9,0xF385,F385,妒,private,0,U+5992
715,0x2CA,0xF386,F386,妖,private,0,U+5996
716,0x2CB,0xF387,F387,妙,private,0,U+5999
717,0x2CC,0xF388,F388,妥,private,0,U+59A5
718,0x2CD,0xF389,F389,妨,private,0,U+59A8
719,0x2CE,0xF38A,F38A,妹,private,0,U+59B9
720,0x2CF,0xF38B,F38B,姆,private,0,U+59C6
721,0x2D0,0xF38C,F38C,始,private,0,U+59CB
722,0x2D1,0xF38D,F38D,姐,private,0,U+59D0
723,0x2D2,0xF38E,F38E,姑,private,0,U+59D1
724,0x2D3,0xF38F,F38F,姓,private,0,U+59D3
725,0x2D4,0xF390,F390,委,private,0,U+59D4
726,0x2D5,0xF391,F391,姥,private,0,U+59E5
727,0x2D6,0xF392,F392,姨,private,0,U+59E8
728,0x2D7,0xF393,F393,姿,private,0,U+59FF
729,0x2D8,0xF394,F394,威,private,0,U+5A01
730,0x2D9,0xF395,F395,娃,private,0,U+5A03
731,0x2DA,0xF396,F396,娇,private,0,U+5A07
732,0x2DB,0xF397,F397,娘,private,0,U+5A18
733,0x2DC,0xF398,F398,娱,private,0,U+5A31
734,0x2DD,0xF399,F399,娶,private,0,U+5A36
735,0x2DE,0xF39A,F39A,婆,private,0,U+5A46
736,0x2DF,0xF39B,F39B,婉,private,0,U+5A49
737,0x2E0,0xF39C,F39C,婚,private,0,U+5A5A
738,0x2E1,0xF39D,F39D,婴,private,0,U+5A74
739,0x2E2,0xF39E,F39E,媒,private,0,U+5A92
740,0x2E3,0xF39F,F39F,媛,private,0,U+5A9B
741,0x2E4,0xF3A0,F3A0,嫉,private,0,U+5AC9
742,0x2E5,0xF3A1,F3A1,嫌,private,0,U+5ACC
743,0x2E6,0xF3A2,F3A2,嫩,private,0,U+5AE9
744,0x2E7,0xF3A3,F3A3,子,private,0,U+5B50
745,0x2E8,0xF3A4,F3A4,孔,private,0,U+5B54
746,0x2E9,0xF3A5,F3A5,字,private,0,U+5B57
747,0x2EA,0xF3A6,F3A6,存,private,0,U+5B58
748,0x2EB,0xF3A7,F3A7,季,private,0,U+5B63
749,0x2EC,0xF3A8,F3A8,孤,private,0,U+5B64
750,0x2ED,0xF3A9,F3A9,学,private,0,U+5B66
751,0x2EE,0xF3AA,F3AA,孩,private,0,U+5B69
752,0x2EF,0xF3AB,F3AB,孽,private,0,U+5B7D
753,0x2F0,0xF3AC,F3AC,宁,private,0,U+5B81
754,0x2F1,0xF3AD,F3AD,它,private,0,U+5B83
755,0x2F2,0xF3AE,F3AE,宅,private,0,U+5B85
756,0x2F3,0xF3AF,F3AF,宇,private,0,U+5B87
757,0x2F4,0xF3B0,F3B0,守,private,0,U+5B88
758,0x2F5,0xF3B1,F3B1,安,private,0,U+5B89
759,0x2F6,0xF3B2,F3B2,完,private,0,U+5B8C
760,0x2F7,0xF3B3,F3B3,宏,private,0,U+5B8F
761,0x2F8,0xF3B4,F3B4,官,private,0,U+5B98
762,0x2F9,0xF3B5,F3B5,宙,private,0,U+5B99
763,0x2FA,0xF3B6,F3B6,定,private,0,U+5B9A
764,0x2FB,0xF3B7,F3B7,宜,private,0,U+5B9C
765,0x2FC,0xF3B8,F3B8,宝,private,0,U+5B9D
766,0x2FD,0xF3B9,F3B9,实,private,0,U+5B9E
767,0x2FE,0xF3BA,F3BA,宠,private,0,U+5BA0
768,0x2FF,0xF3BB,F3BB,审,private,0,U+5BA1
769,0x300,0xF3BC,F3BC,客,private,0,U+5BA2
770,0x301,0xF3BD,F3BD,宣,private,0,U+5BA3
771,0x302,0xF3BE,F3BE,室,private,0,U+5BA4
772,0x303,0xF3BF,F3BF,宫,private,0,U+5BAB
773,0x304,0xF3C0,F3C0,害,private,0,U+5BB3
774,0x305,0xF3C1,F3C1,宵,private,0,U+5BB5
775,0x306,0xF3C2,F3C2,家,private,0,U+5BB6
776,0x307,0xF3C3,F3C3,容,private,0,U+5BB9
777,0x308,0xF3C4,F3C4,宽,private,0,U+5BBD
778,0x309,0xF3C5,F3C5,宾,private,0,U+5BBE
779,0x30A,0xF3C6,F3C6,宿,private,0,U+5BBF
780,0x30B,0xF3C7,F3C7,寂,private,0,U+5BC2
781,0x30C,0xF3C8,F3C8,寄,private,0,U+5BC4
782,0x30D,0xF3C9,F3C9,密,private,0,U+5BC6
783,0x30E,0xF3CA,F3CA,富,private,0,U+5BCC
784,0x30F,0xF3CB,F3CB,寐,private,0,U+5BD0
785,0x310,0xF3CC,F3CC,寒,private,0,U+5BD2
786,0x311,0xF3CD,F3CD,寞,private,0,U+5BDE
787,0x312,0xF3CE,F3CE,察,private,0,U+5BDF
788,0x313,0xF3CF,F3CF,寡,private,0,U+5BE1
789,0x314,0xF3D0,F3D0,寸,private,0,U+5BF8
790,0x315,0xF3D1,F3D1,对,private,0,U+5BF9
791,0x316,0xF3D2,F3D2,寺,private,0,U+5BFA
792,0x317,0xF3D3,F3D3,寻,private,0,U+5BFB
793,0x318,0xF3D4,F3D4,导,private,0,U+5BFC
794,0x319,0xF3D5,F3D5,寿,private,0,U+5BFF
795,0x31A,0xF3D6,F3D6,封,private,0,U+5C01
796,0x31B,0xF3D7,F3D7,将,private,0,U+5C06
797,0x31C,0xF3D8,F3D8,尊,private,0,U+5C0A
798,0x31D,0xF3D9,F3D9,小,private,0,U+5C0F
799,0x31E,0xF3DA,F3DA,少,private,0,U+5C11
800,0x31F,0xF3DB,F3DB,尔,private,0,U+5C14
801,0x320,0xF3DC,F3DC,尖,private,0,U+5C16
802,0x321,0xF3DD,F3DD,尘,private,0,U+5C18
803,0x322,0xF3DE,F3DE,尚,private,0,U+5C1A
804,0x323,0xF3DF,F3DF,尝,private,0,U+5C1D
805,0x324,0xF3E0,F3E0,尤,private,0,U+5C24
806,0x325,0xF3E1,F3E1,尬,private,0,U+5C2C
807,0x326,0xF3E2,F3E2,就,private,0,U+5C31
808,0x327,0xF3E3,F3E3,尴,private,0,U+5C34
809,0x328,0xF3E4,F3E4,尸,private,0,U+5C38
810,0x329,0xF3E5,F3E5,尼,private,0,U+5C3C
811,0x32A,0xF3E6,F3E6,尽,private,0,U+5C3D
812,0x32B,0xF3E7,F3E7,尾,private,0,U+5C3E
813,0x32C,0xF3E8,F3E8,尿,private,0,U+5C3F
814,0x32D,0xF3E9,F3E9,局,private,0,U+5C40
815,0x32E,0xF3EA,F3EA,屁,private,0,U+5C41
816,0x32F,0xF3EB,F3EB,层,private,0,U+5C42
817,0x330,0xF3EC,F3EC,居,private,0,U+5C45
818,0x331,0xF3ED,F3ED,屈,private,0,U+5C48
819,0x332,0xF3EE,F3EE,届,private,0,U+5C4A
820,0x333,0xF3EF,F3EF,屋,private,0,U+5C4B
821,0x334,0xF3F0,F3F0,屏,private,0,U+5C4F
822,0x335,0xF3F1,F3F1,展,private,0,U+5C55
823,0x336,0xF3F2,F3F2,属,private,0,U+5C5E
824,0x337,0xF3F3,F3F3,山,private,0,U+5C71
825,0x338,0xF3F4,F3F4,屿,private,0,U+5C7F
826,0x339,0xF3F5,F3F5,岁,private,0,U+5C81
827,0x33A,0xF3F6,F3F6,岂,private,0,U+5C82
828,0x33B,0xF3F7,F3F7,岐,private,0,U+5C90
829,0x33C,0xF3F8,F3F8,岔,private,0,U+5C94
830,0x33D,0xF3F9,F3F9,岚,private,0,U+5C9A
831,0x33E,0xF3FA,F3FA,岛,private,0,U+5C9B
832,0x33F,0xF3FB,F3FB,岩,private,0,U+5CA9
833,0x340,0xF3FC,F3FC,岸,private,0,U+5CB8
834,0x341,0xF440,F440,峡,private,0,U+5CE1
835,0x342,0xF441,F441,峦,private,0,U+5CE6
836,0x343,0xF442,F442,峰,private,0,U+5CF0
837,0x344,0xF443,F443,峻,private,0,U+5CFB
838,0x345,0xF444,F444,崇,private,0,U+5D07
839,0x346,0xF445,F445,崎,private,0,U+5D0E
840,0x347,0xF446,F446,崩,private,0,U+5D29
841,0x348,0xF447,F447,崭,private,0,U+5D2D
842,0x349,0xF448,F448,巅,private,0,U+5DC5
843,0x34A,0xF449,F449,巍,private,0,U+5DCD
844,0x34B,0xF44A,F44A,川,private,0,U+5DDD
845,0x34C,0xF44B,F44B,巡,private,0,U+5DE1
846,0x34D,0xF44C,F44C,工,private,0,U+5DE5
847,0x34E,0xF44D,F44D,左,private,0,U+5DE6
848,0x34F,0xF44E,F44E,巧,private,0,U+5DE7
849,0x350,0xF44F,F44F,巨,private,0,U+5DE8
850,0x351,0xF450,F450,巫,private,0,U+5DEB
851,0x352,0xF451,F451,差,private,0,U+5DEE
852,0x353,0xF452,F452,己,private,0,U+5DF1
853,0x354,0xF453,F453,已,private,0,U+5DF2
854,0x355,0xF454,F454,巴,private,0,U+5DF4
855,0x356,0xF455,F455,巾,private,0,U+5DFE
856,0x357,0xF456,F456,市,private,0,U+5E02
857,0x358,0xF457,F457,布,private,0,U+5E03
858,0x359,0xF458,F458,帅,private,0,U+5E05
859,0x35A,0xF459,F459,师,private,0,U+5E08
860,0x35B,0xF45A,F45A,希,private,0,U+5E0C
861,0x35C,0xF45B,F45B,帐,private,0,U+5E10
862,0x35D,0xF45C,F45C,帕,private,0,U+5E15
863,0x35E,0xF45D,F45D,帖,private,0,U+5E16
864,0x35F,0xF45E,F45E,帘,private,0,U+5E18
865,0x360,0xF45F,F45F,帝,private,0,U+5E1D
866,0x361,0xF460,F460,带,private,0,U+5E26
867,0x362,0xF461,F461,席,private,0,U+5E2D
868,0x363,0xF462,F462,帮,private,0,U+5E2E
869,0x364,0xF463,F463,帷,private,0,U+5E37
870,0x365,0xF464,F464,常,private,0,U+5E38
871,0x366,0xF465,F465,帽,private,0,U+5E3D
872,0x367,0xF466,F466,幅,private,0,U+5E45
873,0x368,0xF467,F467,幕,private,0,U+5E55
874,0x369,0xF468,F468,干,private,0,U+5E72
875,0x36A,0xF469,F469,平,private,0,U+5E73
876,0x36B,0xF46A,F46A,年,private,0,U+5E74
877,0x36C,0xF46B,F46B,并,private,0,U+5E76
878,0x36D,0xF46C,F46C,幸,private,0,U+5E78
879,0x36E,0xF46D,F46D,幻,private,0,U+5E7B
880,0x36F,0xF46E,F46E,幽,private,0,U+5E7D
881,0x370,0xF46F,F46F,广,private,0,U+5E7F
882,0x371,0xF470,F470,庆,private,0,U+5E86
883,0x372,0xF471,F471,床,private,0,U+5E8A
884,0x373,0xF472,F472,序,private,0,U+5E8F
885,0x374,0xF473,F473,库,private,0,U+5E93
886,0x375,0xF474,F474,应,private,0,U+5E94
887,0x376,0xF475,F475,底,private,0,U+5E95
888,0x377,0xF476,F476,店,private,0,U+5E97
889,0x378,0xF477,F477,府,private,0,U+5E9C
890,0x379,0xF478,F478,废,private,0,U+5E9F
891,0x37A,0xF479,F479,度,private,0,U+5EA6
892,0x37B,0xF47A,F47A,座,private,0,U+5EA7
893,0x37C,0xF47B,F47B,庭,private,0,U+5EAD
894,0x37D,0xF47C,F47C,康,private,0,U+5EB7
895,0x37E,0xF47D,F47D,延,private,0,U+5EF6
896,0x37F,0xF47E,F47E,建,private,0,U+5EFA
897,0x380,0xF480,F480,开,private,0,U+5F00
898,0x381,0xF481,F481,异,private,0,U+5F02
899,0x382,0xF482,F482,弃,private,0,U+5F03
900,0x383,0xF483,F483,弄,private,0,U+5F04
901,0x384,0xF484,F484,弊,private,0,U+5F0A
902,0x385,0xF485,F485,式,private,0,U+5F0F
903,0x386,0xF486,F486,弓,private,0,U+5F13
904,0x387,0xF487,F487,引,private,0,U+5F15
905,0x388,0xF488,F488,弗,private,0,U+5F17
906,0x389,0xF489,F489,弟,private,0,U+5F1F
907,0x38A,0xF48A,F48A,张,private,0,U+5F20
908,0x38B,0xF48B,F48B,弥,private,0,U+5F25
909,0x38C,0xF48C,F48C,弯,private,0,U+5F2F
910,0x38D,0xF48D,F48D,弱,private,0,U+5F31
911,0x38E,0xF48E,F48E,弹,private,0,U+5F39
912,0x38F,0xF48F,F48F,强,private,0,U+5F3A
913,0x390,0xF490,F490,归,private,0,U+5F52
914,0x391,0xF491,F491,当,private,0,U+5F53
915,0x392,0xF492,F492,录,private,0,U+5F55
916,0x393,0xF493,F493,彗,private,0,U+5F57
917,0x394,0xF494,F494,彡,private,0,U+5F61
918,0x395,0xF495,F495,形,private,0,U+5F62
919,0x396,0xF496,F496,彩,private,0,U+5F69
920,0x397,0xF497,F497,彬,private,0,U+5F6C
921,0x398,0xF498,F498,彰,private,0,U+5F70
922,0x399,0xF499,F499,影,private,0,U+5F71
923,0x39A,0xF49A,F49A,役,private,0,U+5F79
924,0x39B,0xF49B,F49B,彻,private,0,U+5F7B
925,0x39C,0xF49C,F49C,彼,private,0,U+5F7C
926,0x39D,0xF49D,F49D,往,private,0,U+5F80
927,0x39E,0xF49E,F49E,征,private,0,U+5F81
928,0x39F,0xF49F,F49F,径,private,0,U+5F84
929,0x3A0,0xF4A0,F4A0,待,private,0,U+5F85
930,0x3A1,0xF4A1,F4A1,很,private,0,U+5F88
931,0x3A2,0xF4A2,F4A2,律,private,0,U+5F8B
932,0x3A3,0xF4A3,F4A3,徒,private,0,U+5F92
933,0x3A4,0xF4A4,F4A4,得,private,0,U+5F97
934,0x3A5,0xF4A5,F4A5,循,private,0,U+5FAA
935,0x3A6,0xF4A6,F4A6,微,private,0,U+5FAE
936,0x3A7,0xF4A7,F4A7,德,private,0,U+5FB7
937,0x3A8,0xF4A8,F4A8,心,private,0,U+5FC3
938,0x3A9,0xF4A9,F4A9,必,private,0,U+5FC5
939,0x3AA,0xF4AA,F4AA,忆,private,0,U+5FC6
940,0x3AB,0xF4AB,F4AB,忌,private,0,U+5FCC
941,0x3AC,0xF4AC,F4AC,忍,private,0,U+5FCD
942,0x3AD,0xF4AD,F4AD,忐,private,0,U+5FD0
943,0x3AE,0xF4AE,F4AE,忑,private,0,U+5FD1
944,0x3AF,0xF4AF,F4AF,志,private,0,U+5FD7
945,0x3B0,0xF4B0,F4B0,忘,private,0,U+5FD8
946,0x3B1,0xF4B1,F4B1,忙,private,0,U+5FD9
947,0x3B2,0xF4B2,F4B2,忠,private,0,U+5FE0
948,0x3B3,0xF4B3,F4B3,忧,private,0,U+5FE7
949,0x3B4,0xF4B4,F4B4,快,private,0,U+5FEB
950,0x3B5,0xF4B5,F4B5,念,private,0,U+5FF5
951,0x3B6,0xF4B6,F4B6,忽,private,0,U+5FFD
952,0x3B7,0xF4B7,F4B7,怀,private,0,U+6000
953,0x3B8,0xF4B8,F4B8,态,private,0,U+6001
954,0x3B9,0xF4B9,F4B9,怂,private,0,U+6002
955,0x3BA,0xF4BA,F4BA,怎,private,0,U+600E
956,0x3BB,0xF4BB,F4BB,怒,private,0,U+6012
957,0x3BC,0xF4BC,F4BC,怕,private,0,U+6015
958,0x3BD,0xF4BD,F4BD,怖,private,0,U+6016
959,0x3BE,0xF4BE,F4BE,怜,private,0,U+601C
960,0x3BF,0xF4BF,F4BF,思,private,0,U+601D
961,0x3C0,0xF4C0,F4C0,怠,private,0,U+6020
962,0x3C1,0xF4C1,F4C1,急,private,0,U+6025
963,0x3C2,0xF4C2,F4C2,怦,private,0,U+6026
964,0x3C3,0xF4C3,F4C3,性,private,0,U+6027
965,0x3C4,0xF4C4,F4C4,怨,private,0,U+6028
966,0x3C5,0xF4C5,F4C5,怪,private,0,U+602A
967,0x3C6,0xF4C6,F4C6,怯,private,0,U+602F
968,0x3C7,0xF4C7,F4C7,总,private,0,U+603B
969,0x3C8,0xF4C8,F4C8,恋,private,0,U+604B
970,0x3C9,0xF4C9,F4C9,恐,private,0,U+6050
971,0x3CA,0xF4CA,F4CA,恒,private,0,U+6052
972,0x3CB,0xF4CB,F4CB,恕,private,0,U+6055
973,0x3CC,0xF4CC,F4CC,恢,private,0,U+6062
974,0x3CD,0xF4CD,F4CD,恤,private,0,U+6064
975,0x3CE,0xF4CE,F4CE,恨,private,0,U+6068
976,0x3CF,0xF4CF,F4CF,恩,private,0,U+6069
977,0x3D0,0xF4D0,F4D0,恭,private,0,U+606D
978,0x3D1,0xF4D1,F4D1,息,private,0,U+606F
979,0x3D2,0xF4D2,F4D2,恰,private,0,U+6070
980,0x3D3,0xF4D3,F4D3,恳,private,0,U+6073
981,0x3D4,0xF4D4,F4D4,恶,private,0,U+6076
982,0x3D5,0xF4D5,F4D5,恼,private,0,U+607C
983,0x3D6,0xF4D6,F4D6,悄,private,0,U+6084
984,0x3D7,0xF4D7,F4D7,悉,private,0,U+6089
985,0x3D8,0xF4D8,F4D8,悔,private,0,U+6094
986,0x3D9,0xF4D9,F4D9,悟,private,0,U+609F
987,0x3DA,0xF4DA,F4DA,悠,private,0,U+60A0
988,0x3DB,0xF4DB,F4DB,悦,private,0,U+60A6
989,0x3DC,0xF4DC,F4DC,您,private,0,U+60A8
990,0x3DD,0xF4DD,F4DD,悬,private,0,U+60AC
991,0x3DE,0xF4DE,F4DE,悲,private,0,U+60B2
992,0x3DF,0xF4DF,F4DF,悸,private,0,U+60B8
993,0x3E0,0xF4E0,F4E0,情,private,0,U+60C5
994,0x3E1,0xF4E1,F4E1,惊,private,0,U+60CA
995,0x3E2,0xF4E2,F4E2,惑,private,0,U+60D1
996,0x3E3,0xF4E3,F4E3,惕,private,0,U+60D5
997,0x3E4,0xF4E4,F4E4,惜,private,0,U+60DC
998,0x3E5,0xF4E5,F4E5,惠,private,0,U+60E0
999,0x3E6,0xF4E6,F4E6,惦,private,0,U+60E6
1000,0x3E7,0xF4E7,F4E7,惧,private,0,U+60E7
1001,0x3E8,0xF4E8,F4E8,惨,private,0,U+60E8
1002,0x3E9,0xF4E9,F4E9,惩,private,0,U+60E9
1003,0x3EA,0xF4EA,F4EA,惬,private,0,U+60EC
1004,0x3EB,0xF4EB,F4EB,惯,private,0,U+60EF
1005,0x3EC,0xF4EC,F4EC,想,private,0,U+60F3
1006,0x3ED,0xF4ED,F4ED,惹,private,0,U+60F9
1007,0x3EE,0xF4EE,F4EE,愁,private,0,U+6101
1008,0x3EF,0xF4EF,F4EF,愈,private,0,U+6108
1009,0x3F0,0xF4F0,F4F0,愉,private,0,U+6109
1010,0x3F1,0xF4F1,F4F1,意,private,0,U+610F
1011,0x3F2,0xF4F2,F4F2,愛,private,0,U+611B
1012,0x3F3,0xF4F3,F4F3,感,private,0,U+611F
1013,0x3F4,0xF4F4,F4F4,愣,private,0,U+6123
1014,0x3F5,0xF4F5,F4F5,愤,private,0,U+6124
1015,0x3F6,0xF4F6,F4F6,愧,private,0,U+6127
1016,0x3F7,0xF4F7,F4F7,愿,private,0,U+613F
1017,0x3F8,0xF4F8,F4F8,慈,private,0,U+6148
1018,0x3F9,0xF4F9,F4F9,慌,private,0,U+614C
1019,0x3FA,0xF4FA,F4FA,慎,private,0,U+614E
1020,0x3FB,0xF4FB,F4FB,慕,private,0,U+6155
1021,0x3FC,0xF4FC,F4FC,慢,private,0,U+6162
1022,0x3FD,0xF540,F540,慰,private,0,U+6170
1023,0x3FE,0xF541,F541,憋,private,0,U+618B
1024,0x3FF,0xF542,F542,憧,private,0,U+61A7
1025,0x400,0xF543,F543,憬,private,0,U+61AC
1026,0x401,0xF544,F544,憾,private,0,U+61BE
1027,0x402,0xF545,F545,懂,private,0,U+61C2
1028,0x403,0xF546,F546,懈,private,0,U+61C8
1029,0x404,0xF547,F547,懊,private,0,U+61CA
1030,0x405,0xF548,F548,懒,private,0,U+61D2
1031,0x406,0xF549,F549,懦,private,0,U+61E6
1032,0x407,0xF54A,F54A,戏,private,0,U+620F
1033,0x408,0xF54B,F54B,成,private,0,U+6210
1034,0x409,0xF54C,F54C,我,private,0,U+6211
1035,0x40A,0xF54D,F54D,戒,private,0,U+6212
1036,0x40B,0xF54E,F54E,或,private,0,U+6216
1037,0x40C,0xF54F,F54F,战,private,0,U+6218
1038,0x40D,0xF550,F550,戚,private,0,U+621A
1039,0x40E,0xF551,F551,截,private,0,U+622A
1040,0x40F,0xF552,F552,戳,private,0,U+6233
1041,0x410,0xF553,F553,戴,private,0,U+6234
1042,0x411,0xF554,F554,户,private,0,U+6237
1043,0x412,0xF555,F555,房,private,0,U+623F
1044,0x413,0xF556,F556,所,private,0,U+6240
1045,0x414,0xF557,F557,扁,private,0,U+6241
1046,0x415,0xF558,F558,扇,private,0,U+6247
1047,0x416,0xF559,F559,扉,private,0,U+6249
1048,0x417,0xF55A,F55A,手,private,0,U+624B
1049,0x418,0xF55B,F55B,才,private,0,U+624D
1050,0x419,0xF55C,F55C,扎,private,0,U+624E
1051,0x41A,0xF55D,F55D,扑,private,0,U+6251
1052,0x41B,0xF55E,F55E,打,private,0,U+6253
1053,0x41C,0xF55F,F55F,扔,private,0,U+6254
1054,0x41D,0xF560,F560,托,private,0,U+6258
1055,0x41E,0xF561,F561,扛,private,0,U+625B
1056,0x41F,0xF562,F562,执,private,0,U+6267
1057,0x420,0xF563,F563,扩,private,0,U+6269
1058,0x421,0xF564,F564,扫,private,0,U+626B
1059,0x422,0xF565,F565,扬,private,0,U+626C
1060,0x423,0xF566,F566,扭,private,0,U+626D
1061,0x424,0xF567,F567,扮,private,0,U+626E
1062,0x425,0xF568,F568,扯,private,0,U+626F
1063,0x426,0xF569,F569,扰,private,0,U+6270
1064,0x427,0xF56A,F56A,扶,private,0,U+6276
1065,0x428,0xF56B,F56B,批,private,0,U+6279
1066,0x429,0xF56C,F56C,找,private,0,U+627E
1067,0x42A,0xF56D,F56D,承,private,0,U+627F
1068,0x42B,0xF56E,F56E,技,private,0,U+6280
1069,0x42C,0xF56F,F56F,抄,private,0,U+6284
1070,0x42D,0xF570,F570,把,private,0,U+628A
1071,0x42E,0xF571,F571,抑,private,0,U+6291
1072,0x42F,0xF572,F572,抓,private,0,U+6293
1073,0x430,0xF573,F573,投,private,0,U+6295
1074,0x431,0xF574,F574,抖,private,0,U+6296
1075,0x432,0xF575,F575,抗,private,0,U+6297
1076,0x433,0xF576,F576,折,private,0,U+6298
1077,0x434,0xF577,F577,抚,private,0,U+629A
1078,0x435,0xF578,F578,抛,private,0,U+629B
1079,0x436,0xF579,F579,抢,private,0,U+62A2
1080,0x437,0xF57A,F57A,护,private,0,U+62A4
1081,0x438,0xF57B,F57B,报,private,0,U+62A5
1082,0x439,0xF57C,F57C,披,private,0,U+62AB
1083,0x43A,0xF57D,F57D,抬,private,0,U+62AC
1084,0x43B,0xF57E,F57E,抱,private,0,U+62B1
1085,0x43C,0xF580,F580,抹,private,0,U+62B9
1086,0x43D,0xF581,F581,抽,private,0,U+62BD
1087,0x43E,0xF582,F582,担,private,0,U+62C5
1088,0x43F,0xF583,F583,拉,private,0,U+62C9
1089,0x440,0xF584,F584,拌,private,0,U+62CC
1090,0x441,0xF585,F585,拍,private,0,U+62CD
1091,0x442,0xF586,F586,拐,private,0,U+62D0
1092,0x443,0xF587,F587,拒,private,0,U+62D2
1093,0x444,0xF588,F588,拓,private,0,U+62D3
1094,0x445,0xF589,F589,拔,private,0,U+62D4
1095,0x446,0xF58A,F58A,拖,private,0,U+62D6
1096,0x447,0xF58B,F58B,拘,private,0,U+62D8
1097,0x448,0xF58C,F58C,拙,private,0,U+62D9
1098,0x449,0xF58D,F58D,招,private,0,U+62DB
1099,0x44A,0xF58E,F58E,拜,private,0,U+62DC
1100,0x44B,0xF58F,F58F,拥,private,0,U+62E5
1101,0x44C,0xF590,F590,拦,private,0,U+62E6
1102,0x44D,0xF591,F591,拨,private,0,U+62E8
1103,0x44E,0xF592,F592,择,private,0,U+62E9
1104,0x44F,0xF593,F593,括,private,0,U+62EC
1105,0x450,0xF594,F594,拯,private,0,U+62EF
1106,0x451,0xF595,F595,拳,private,0,U+62F3
1107,0x452,0xF596,F596,拼,private,0,U+62FC
1108,0x453,0xF597,F597,拽,private,0,U+62FD
1109,0x454,0xF598,F598,拾,private,0,U+62FE
1110,0x455,0xF599,F599,拿,private,0,U+62FF
1111,0x456,0xF59A,F59A,持,private,0,U+6301
1112,0x457,0xF59B,F59B,挂,private,0,U+6302
1113,0x458,0xF59C,F59C,指,private,0,U+6307
1114,0x459,0xF59D,F59D,按,private,0,U+6309
1115,0x45A,0xF59E,F59E,挑,private,0,U+6311
1116,0x45B,0xF59F,F59F,挖,private,0,U+6316
1117,0x45C,0xF5A0,F5A0,挠,private,0,U+6320
1118,0x45D,0xF5A1,F5A1,挡,private,0,U+6321
1119,0x45E,0xF5A2,F5A2,挣,private,0,U+6323
1120,0x45F,0xF5A3,F5A3,挤,private,0,U+6324
1121,0x460,0xF5A4,F5A4,挥,private,0,U+6325
1122,0x461,0xF5A5,F5A5,挨,private,0,U+6328
1123,0x462,0xF5A6,F5A6,挫,private,0,U+632B
1124,0x463,0xF5A7,F5A7,振,private,0,U+632F
1125,0x464,0xF5A8,F5A8,挺,private,0,U+633A
1126,0x465,0xF5A9,F5A9,挽,private,0,U+633D
1127,0x466,0xF5AA,F5AA,捏,private,0,U+634F
1128,0x467,0xF5AB,F5AB,捐,private,0,U+6350
1129,0x468,0xF5AC,F5AC,捕,private,0,U+6355
1130,0x469,0xF5AD,F5AD,损,private,0,U+635F
1131,0x46A,0xF5AE,F5AE,换,private,0,U+6362
1132,0x46B,0xF5AF,F5AF,捣,private,0,U+6363
1133,0x46C,0xF5B0,F5B0,捧,private,0,U+6367
1134,0x46D,0xF5B1,F5B1,据,private,0,U+636E
1135,0x46E,0xF5B2,F5B2,捶,private,0,U+6376
1136,0x46F,0xF5B3,F5B3,捷,private,0,U+6377
1137,0x470,0xF5B4,F5B4,捺,private,0,U+637A
1138,0x471,0xF5B5,F5B5,掀,private,0,U+6380
1139,0x472,0xF5B6,F5B6,授,private,0,U+6388
1140,0x473,0xF5B7,F5B7,掉,private,0,U+6389
1141,0x474,0xF5B8,F5B8,掌,private,0,U+638C
1142,0x475,0xF5B9,F5B9,掐,private,0,U+6390
1143,0x476,0xF5BA,F5BA,排,private,0,U+6392
1144,0x477,0xF5BB,F5BB,掘,private,0,U+6398
1145,0x478,0xF5BC,F5BC,探,private,0,U+63A2
1146,0x479,0xF5BD,F5BD,接,private,0,U+63A5
1147,0x47A,0xF5BE,F5BE,控,private,0,U+63A7
1148,0x47B,0xF5BF,F5BF,推,private,0,U+63A8
1149,0x47C,0xF5C0,F5C0,掰,private,0,U+63B0
1150,0x47D,0xF5C1,F5C1,掳,private,0,U+63B3
1151,0x47E,0xF5C2,F5C2,掷,private,0,U+63B7
1152,0x47F,0xF5C3,F5C3,揉,private,0,U+63C9
1153,0x480,0xF5C4,F5C4,揍,private,0,U+63CD
1154,0x481,0xF5C5,F5C5,描,private,0,U+63CF
1155,0x482,0xF5C6,F5C6,提,private,0,U+63D0
1156,0x483,0xF5C7,F5C7,插,private,0,U+63D2
1157,0x484,0xF5C8,F5C8,握,private,0,U+63E1
1158,0x485,0xF5C9,F5C9,揣,private,0,U+63E3
1159,0x486,0xF5CA,F5CA,揭,private,0,U+63ED
1160,0x487,0xF5CB,F5CB,援,private,0,U+63F4
1161,0x488,0xF5CC,F5CC,揽,private,0,U+63FD
1162,0x489,0xF5CD,F5CD,搁,private,0,U+6401
1163,0x48A,0xF5CE,F5CE,搅,private,0,U+6405
1164,0x48B,0xF5CF,F5CF,搏,private,0,U+640F
1165,0x48C,0xF5D0,F5D0,搓,private,0,U+6413
1166,0x48D,0xF5D1,F5D1,搜,private,0,U+641C
1167,0x48E,0xF5D2,F5D2,搞,private,0,U+641E
1168,0x48F,0xF5D3,F5D3,搬,private,0,U+642C
1169,0x490,0xF5D4,F5D4,搭,private,0,U+642D
1170,0x491,0xF5D5,F5D5,携,private,0,U+643A
1171,0x492,0xF5D6,F5D6,摁,private,0,U+6441
1172,0x493,0xF5D7,F5D7,摄,private,0,U+6444
1173,0x494,0xF5D8,F5D8,摆,private,0,U+6446
1174,0x495,0xF5D9,F5D9,摇,private,0,U+6447
1175,0x496,0xF5DA,F5DA,摊,private,0,U+644A
1176,0x497,0xF5DB,F5DB,摔,private,0,U+6454
1177,0x498,0xF5DC,F5DC,摘,private,0,U+6458
1178,0x499,0xF5DD,F5DD,摩,private,0,U+6469
1179,0x49A,0xF5DE,F5DE,摸,private,0,U+6478
1180,0x49B,0xF5DF,F5DF,撑,private,0,U+6491
1181,0x49C,0xF5E0,F5E0,撒,private,0,U+6492
1182,0x49D,0xF5E1,F5E1,撞,private,0,U+649E
1183,0x49E,0xF5E2,F5E2,撤,private,0,U+64A4
1184,0x49F,0xF5E3,F5E3,播,private,0,U+64AD
1185,0x4A0,0xF5E4,F5E4,撼,private,0,U+64BC
1186,0x4A1,0xF5E5,F5E5,擅,private,0,U+64C5
1187,0x4A2,0xF5E6,F5E6,操,private,0,U+64CD
1188,0x4A3,0xF5E7,F5E7,擦,private,0,U+64E6
1189,0x4A4,0xF5E8,F5E8,攒,private,0,U+6512
1190,0x4A5,0xF5E9,F5E9,支,private,0,U+652F
1191,0x4A6,0xF5EA,F5EA,收,private,0,U+6536
1192,0x4A7,0xF5EB,F5EB,攸,private,0,U+6538
1193,0x4A8,0xF5EC,F5EC,改,private,0,U+6539
1194,0x4A9,0xF5ED,F5ED,攻,private,0,U+653B
1195,0x4AA,0xF5EE,F5EE,放,private,0,U+653E
1196,0x4AB,0xF5EF,F5EF,故,private,0,U+6545
1197,0x4AC,0xF5F0,F5F0,效,private,0,U+6548
1198,0x4AD,0xF5F1,F5F1,敌,private,0,U+654C
1199,0x4AE,0xF5F2,F5F2,敏,private,0,U+654F
1200,0x4AF,0xF5F3,F5F3,救,private,0,U+6551
1201,0x4B0,0xF5F4,F5F4,教,private,0,U+6559
1202,0x4B1,0xF5F5,F5F5,敞,private,0,U+655E
1203,0x4B2,0xF5F6,F5F6,敢,private,0,U+6562
1204,0x4B3,0xF5F7,F5F7,散,private,0,U+6563
1205,0x4B4,0xF5F8,F5F8,敬,private,0,U+656C
1206,0x4B5,0xF5F9,F5F9,数,private,0,U+6570
1207,0x4B6,0xF5FA,F5FA,敲,private,0,U+6572
1208,0x4B7,0xF5FB,F5FB,整,private,0,U+6574
1209,0x4B8,0xF5FC,F5FC,敷,private,0,U+6577
1210,0x4B9,0xF640,F640,文,private,0,U+6587
1211,0x4BA,0xF641,F641,斗,private,0,U+6597
1212,0x4BB,0xF642,F642,料,private,0,U+6599
1213,0x4BC,0xF643,F643,斥,private,0,U+65A5
1214,0x4BD,0xF644,F644,断,private,0,U+65AD
1215,0x4BE,0xF645,F645,斯,private,0,U+65AF
1216,0x4BF,0xF646,F646,新,private,0,U+65B0
1217,0x4C0,0xF647,F647,方,private,0,U+65B9
1218,0x4C1,0xF648,F648,施,private,0,U+65BD
1219,0x4C2,0xF649,F649,旁,private,0,U+65C1
1220,0x4C3,0xF64A,F64A,旅,private,0,U+65C5
1221,0x4C4,0xF64B,F64B,旋,private,0,U+65CB
1222,0x4C5,0xF64C,F64C,族,private,0,U+65CF
1223,0x4C6,0xF64D,F64D,旗,private,0,U+65D7
1224,0x4C7,0xF64E,F64E,无,private,0,U+65E0
1225,0x4C8,0xF64F,F64F,既,private,0,U+65E2
1226,0x4C9,0xF650,F650,日,private,0,U+65E5
1227,0x4CA,0xF651,F651,旦,private,0,U+65E6
1228,0x4CB,0xF652,F652,旧,private,0,U+65E7
1229,0x4CC,0xF653,F653,早,private,0,U+65E9
1230,0x4CD,0xF654,F654,时,private,0,U+65F6
1231,0x4CE,0xF655,F655,旺,private,0,U+65FA
1232,0x4CF,0xF656,F656,昂,private,0,U+6602
1233,0x4D0,0xF657,F657,昆,private,0,U+6606
1234,0x4D1,0xF658,F658,明,private,0,U+660E
1235,0x4D2,0xF659,F659,昏,private,0,U+660F
1236,0x4D3,0xF65A,F65A,易,private,0,U+6613
1237,0x4D4,0xF65B,F65B,昔,private,0,U+6614
1238,0x4D5,0xF65C,F65C,星,private,0,U+661F
1239,0x4D6,0xF65D,F65D,映,private,0,U+6620
1240,0x4D7,0xF65E,F65E,春,private,0,U+6625
1241,0x4D8,0xF65F,F65F,昧,private,0,U+6627
1242,0x4D9,0xF660,F660,昨,private,0,U+6628
1243,0x4DA,0xF661,F661,是,private,0,U+662F
1244,0x4DB,0xF662,F662,显,private,0,U+663E
1245,0x4DC,0xF663,F663,晃,private,0,U+6643
1246,0x4DD,0xF664,F664,晋,private,0,U+664B
1247,0x4DE,0xF665,F665,晒,private,0,U+6652
1248,0x4DF,0xF666,F666,晓,private,0,U+6653
1249,0x4E0,0xF667,F667,晕,private,0,U+6655
1250,0x4E1,0xF668,F668,晚,private,0,U+665A
1251,0x4E2,0xF669,F669,晨,private,0,U+6668
1252,0x4E3,0xF66A,F66A,普,private,0,U+666E
1253,0x4E4,0xF66B,F66B,景,private,0,U+666F
1254,0x4E5,0xF66C,F66C,晰,private,0,U+6670
1255,0x4E6,0xF66D,F66D,晴,private,0,U+6674
1256,0x4E7,0xF66E,F66E,晶,private,0,U+6676
1257,0x4E8,0xF66F,F66F,智,private,0,U+667A
1258,0x4E9,0xF670,F670,暂,private,0,U+6682
1259,0x4EA,0xF671,F671,暖,private,0,U+6696
1260,0x4EB,0xF672,F672,暗,private,0,U+6697
1261,0x4EC,0xF673,F673,暴,private,0,U+66B4
1262,0x4ED,0xF674,F674,曲,private,0,U+66F2
1263,0x4EE,0xF675,F675,更,private,0,U+66F4
1264,0x4EF,0xF676,F676,曼,private,0,U+66FC
1265,0x4F0,0xF677,F677,曾,private,0,U+66FE
1266,0x4F1,0xF678,F678,替,private,0,U+66FF
1267,0x4F2,0xF679,F679,最,private,0,U+6700
1268,0x4F3,0xF67A,F67A,月,private,0,U+6708
1269,0x4F4,0xF67B,F67B,有,private,0,U+6709
1270,0x4F5,0xF67C,F67C,朋,private,0,U+670B
1271,0x4F6,0xF67D,F67D,服,private,0,U+670D
1272,0x4F7,0xF67E,F67E,朗,private,0,U+6717
1273,0x4F8,0xF680,F680,望,private,0,U+671B
1274,0x4F9,0xF681,F681,朝,private,0,U+671D
1275,0x4FA,0xF682,F682,期,private,0,U+671F
1276,0x4FB,0xF683,F683,木,private,0,U+6728
1277,0x4FC,0xF684,F684,未,private,0,U+672A
1278,0x4FD,0xF685,F685,末,private,0,U+672B
1279,0x4FE,0xF686,F686,本,private,0,U+672C
1280,0x4FF,0xF687,F687,术,private,0,U+672F
1281,0x500,0xF688,F688,朴,private,0,U+6734
1282,0x501,0xF689,F689,朵,private,0,U+6735
1283,0x502,0xF68A,F68A,机,private,0,U+673A
1284,0x503,0xF68B,F68B,杀,private,0,U+6740
1285,0x504,0xF68C,F68C,杂,private,0,U+6742
1286,0x505,0xF68D,F68D,权,private,0,U+6743
1287,0x506,0xF68E,F68E,杉,private,0,U+6749
1288,0x507,0xF68F,F68F,材,private,0,U+6750
1289,0x508,0xF690,F690,村,private,0,U+6751
1290,0x509,0xF691,F691,杜,private,0,U+675C
1291,0x50A,0xF692,F692,束,private,0,U+675F
1292,0x50B,0xF693,F693,条,private,0,U+6761
1293,0x50C,0xF694,F694,来,private,0,U+6765
1294,0x50D,0xF695,F695,杯,private,0,U+676F
1295,0x50E,0xF696,F696,杰,private,0,U+6770
1296,0x50F,0xF697,F697,松,private,0,U+677E
1297,0x510,0xF698,F698,板,private,0,U+677F
1298,0x511,0xF699,F699,极,private,0,U+6781
1299,0x512,0xF69A,F69A,构,private,0,U+6784
1300,0x513,0xF69B,F69B,枉,private,0,U+6789
1301,0x514,0xF69C,F69C,析,private,0,U+6790
1302,0x515,0xF69D,F69D,林,private,0,U+6797
1303,0x516,0xF69E,F69E,枚,private,0,U+679A
1304,0x517,0xF69F,F69F,果,private,0,U+679C
1305,0x518,0xF6A0,F6A0,枝,private,0,U+679D
1306,0x519,0xF6A1,F6A1,枪,private,0,U+67AA
1307,0x51A,0xF6A2,F6A2,枫,private,0,U+67AB
1308,0x51B,0xF6A3,F6A3,架,private,0,U+67B6
1309,0x51C,0xF6A4,F6A4,柄,private,0,U+67C4
1310,0x51D,0xF6A5,F6A5,柏,private,0,U+67CF
1311,0x51E,0xF6A6,F6A6,某,private,0,U+67D0
1312,0x51F,0xF6A7,F6A7,柑,private,0,U+67D1
1313,0x520,0xF6A8,F6A8,染,private,0,U+67D3
1314,0x521,0xF6A9,F6A9,柔,private,0,U+67D4
1315,0x522,0xF6AA,F6AA,柜,private,0,U+67DC
1316,0x523,0xF6AB,F6AB,柠,private,0,U+67E0
1317,0x524,0xF6AC,F6AC,查,private,0,U+67E5
1318,0x525,0xF6AD,F6AD,柱,private,0,U+67F1
1319,0x526,0xF6AE,F6AE,柴,private,0,U+67F4
1320,0x527,0xF6AF,F6AF,栃,private,0,U+6803
1321,0x528,0xF6B0,F6B0,标,private,0,U+6807
1322,0x529,0xF6B1,F6B1,栋,private,0,U+680B
1323,0x52A,0xF6B2,F6B2,树,private,0,U+6811
1324,0x52B,0xF6B3,F6B3,校,private,0,U+6821
1325,0x52C,0xF6B4,F6B4,样,private,0,U+6837
1326,0x52D,0xF6B5,F6B5,核,private,0,U+6838
1327,0x52E,0xF6B6,F6B6,根,private,0,U+6839
1328,0x52F,0xF6B7,F6B7,格,private,0,U+683C
1329,0x530,0xF6B8,F6B8,栽,private,0,U+683D
1330,0x531,0xF6B9,F6B9,桃,private,0,U+6843
1331,0x532,0xF6BA,F6BA,框,private,0,U+6846
1332,0x533,0xF6BB,F6BB,案,private,0,U+6848
1333,0x534,0xF6BC,F6BC,桌,private,0,U+684C
1334,0x535,0xF6BD,F6BD,桑,private,0,U+6851
1335,0x536,0xF6BE,F6BE,档,private,0,U+6863
1336,0x537,0xF6BF,F6BF,桥,private,0,U+6865
1337,0x538,0xF6C0,F6C0,桧,private,0,U+6867
1338,0x539,0xF6C1,F6C1,梁,private,0,U+6881
1339,0x53A,0xF6C2,F6C2,梅,private,0,U+6885
1340,0x53B,0xF6C3,F6C3,梓,private,0,U+6893
1341,0x53C,0xF6C4,F6C4,梢,private,0,U+68A2
1342,0x53D,0xF6C5,F6C5,梦,private,0,U+68A6
1343,0x53E,0xF6C6,F6C6,梨,private,0,U+68A8
1344,0x53F,0xF6C7,F6C7,梭,private,0,U+68AD
1345,0x540,0xF6C8,F6C8,梯,private,0,U+68AF
1346,0x541,0xF6C9,F6C9,检,private,0,U+68C0
1347,0x542,0xF6CA,F6CA,棉,private,0,U+68C9
1348,0x543,0xF6CB,F6CB,棍,private,0,U+68CD
1349,0x544,0xF6CC,F6CC,棒,private,0,U+68D2
1350,0x545,0xF6CD,F6CD,棚,private,0,U+68DA
1351,0x546,0xF6CE,F6CE,森,private,0,U+68EE
1352,0x547,0xF6CF,F6CF,棱,private,0,U+68F1
1353,0x548,0xF6D0,F6D0,植,private,0,U+690D
1354,0x549,0xF6D1,F6D1,椎,private,0,U+690E
1355,0x54A,0xF6D2,F6D2,椒,private,0,U+6912
1356,0x54B,0xF6D3,F6D3,楚,private,0,U+695A
1357,0x54C,0xF6D4,F6D4,楠,private,0,U+6960
1358,0x54D,0xF6D5,F6D5,楼,private,0,U+697C
1359,0x54E,0xF6D6,F6D6,概,private,0,U+6982
1360,0x54F,0xF6D7,F6D7,榄,private,0,U+6984
1361,0x550,0xF6D8,F6D8,榜,private,0,U+699C
1362,0x551,0xF6D9,F6D9,榻,private,0,U+69BB
1363,0x552,0xF6DA,F6DA,槻,private,0,U+69FB
1364,0x553,0xF6DB,F6DB,槽,private,0,U+69FD
1365,0x554,0xF6DC,F6DC,槿,private,0,U+69FF
1366,0x555,0xF6DD,F6DD,樟,private,0,U+6A1F
1367,0x556,0xF6DE,F6DE,模,private,0,U+6A21
1368,0x557,0xF6DF,F6DF,横,private,0,U+6A2A
1369,0x558,0xF6E0,F6E0,樫,private,0,U+6A2B
1370,0x559,0xF6E1,F6E1,樱,private,0,U+6A31
1371,0x55A,0xF6E2,F6E2,橄,private,0,U+6A44
1372,0x55B,0xF6E3,F6E3,橘,private,0,U+6A58
1373,0x55C,0xF6E4,F6E4,檬,private,0,U+6AAC
1374,0x55D,0xF6E5,F6E5,欠,private,0,U+6B20
1375,0x55E,0xF6E6,F6E6,次,private,0,U+6B21
1376,0x55F,0xF6E7,F6E7,欢,private,0,U+6B22
1377,0x560,0xF6E8,F6E8,欣,private,0,U+6B23
1378,0x561,0xF6E9,F6E9,欲,private,0,U+6B32
1379,0x562,0xF6EA,F6EA,欸,private,0,U+6B38
1380,0x563,0xF6EB,F6EB,欺,private,0,U+6B3A
1381,0x564,0xF6EC,F6EC,款,private,0,U+6B3E
1382,0x565,0xF6ED,F6ED,歉,private,0,U+6B49
1383,0x566,0xF6EE,F6EE,歌,private,0,U+6B4C
1384,0x567,0xF6EF,F6EF,止,private,0,U+6B62
1385,0x568,0xF6F0,F6F0,正,private,0,U+6B63
1386,0x569,0xF6F1,F6F1,此,private,0,U+6B64
1387,0x56A,0xF6F2,F6F2,步,private,0,U+6B65
1388,0x56B,0xF6F3,F6F3,武,private,0,U+6B66
1389,0x56C,0xF6F4,F6F4,歧,private,0,U+6B67
1390,0x56D,0xF6F5,F6F5,歩,private,0,U+6B69
1391,0x56E,0xF6F6,F6F6,歪,private,0,U+6B6A
1392,0x56F,0xF6F7,F6F7,歹,private,0,U+6B79
1393,0x570,0xF6F8,F6F8,死,private,0,U+6B7B
1394,0x571,0xF6F9,F6F9,殊,private,0,U+6B8A
1395,0x572,0xF6FA,F6FA,段,private,0,U+6BB5
1396,0x573,0xF6FB,F6FB,毁,private,0,U+6BC1
1397,0x574,0xF6FC,F6FC,母,private,0,U+6BCD
1398,0x575,0xF740,F740,每,private,0,U+6BCF
1399,0x576,0xF741,F741,毒,private,0,U+6BD2
1400,0x577,0xF742,F742,比,private,0,U+6BD4
1401,0x578,0xF743,F743,毕,private,0,U+6BD5
1402,0x579,0xF744,F744,毛,private,0,U+6BDB
1403,0x57A,0xF745,F745,毫,private,0,U+6BEB
1404,0x57B,0xF746,F746,氏,private,0,U+6C0F
1405,0x57C,0xF747,F747,民,private,0,U+6C11
1406,0x57D,0xF748,F748,氓,private,0,U+6C13
1407,0x57E,0xF749,F749,气,private,0,U+6C14
1408,0x57F,0xF74A,F74A,氛,private,0,U+6C1B
1409,0x580,0xF74B,F74B,水,private,0,U+6C34
1410,0x581,0xF74C,F74C,永,private,0,U+6C38
1411,0x582,0xF74D,F74D,汁,private,0,U+6C41
1412,0x583,0xF74E,F74E,求,private,0,U+6C42
1413,0x584,0xF74F,F74F,汇,private,0,U+6C47
1414,0x585,0xF750,F750,汉,private,0,U+6C49
1415,0x586,0xF751,F751,汗,private,0,U+6C57
1416,0x587,0xF752,F752,池,private,0,U+6C60
1417,0x588,0xF753,F753,污,private,0,U+6C61
1418,0x589,0xF754,F754,汤,private,0,U+6C64
1419,0x58A,0xF755,F755,汰,private,0,U+6C70
1420,0x58B,0xF756,F756,汹,private,0,U+6C79
1421,0x58C,0xF757,F757,沁,private,0,U+6C81
1422,0x58D,0xF758,F758,沉,private,0,U+6C89
1423,0x58E,0xF759,F759,沐,private,0,U+6C90
1424,0x58F,0xF75A,F75A,沙,private,0,U+6C99
1425,0x590,0xF75B,F75B,沟,private,0,U+6C9F
1426,0x591,0xF75C,F75C,没,private,0,U+6CA1
1427,0x592,0xF75D,F75D,沮,private,0,U+6CAE
1428,0x593,0xF75E,F75E,河,private,0,U+6CB3
1429,0x594,0xF75F,F75F,沸,private,0,U+6CB8
1430,0x595,0xF760,F760,油,private,0,U+6CB9
1431,0x596,0xF761,F761,治,private,0,U+6CBB
1432,0x597,0xF762,F762,沼,private,0,U+6CBC
1433,0x598,0xF763,F763,沾,private,0,U+6CBE
1434,0x599,0xF764,F764,沿,private,0,U+6CBF
1435,0x59A,0xF765,F765,泄,private,0,U+6CC4
1436,0x59B,0xF766,F766,泉,private,0,U+6CC9
1437,0x59C,0xF767,F767,法,private,0,U+6CD5
1438,0x59D,0xF768,F768,泛,private,0,U+6CDB
1439,0x59E,0xF769,F769,泡,private,0,U+6CE1
1440,0x59F,0xF76A,F76A,波,private,0,U+6CE2
1441,0x5A0,0xF76B,F76B,泣,private,0,U+6CE3
1442,0x5A1,0xF76C,F76C,泥,private,0,U+6CE5
1443,0x5A2,0xF76D,F76D,注,private,0,U+6CE8
1444,0x5A3,0xF76E,F76E,泪,private,0,U+6CEA
1445,0x5A4,0xF76F,F76F,泳,private,0,U+6CF3
1446,0x5A5,0xF770,F770,泼,private,0,U+6CFC
1447,0x5A6,0xF771,F771,泽,private,0,U+6CFD
1448,0x5A7,0xF772,F772,洁,private,0,U+6D01
1449,0x5A8,0xF773,F773,洋,private,0,U+6D0B
1450,0x5A9,0xF774,F774,洒,private,0,U+6D12
1451,0x5AA,0xF775,F775,洗,private,0,U+6D17
1452,0x5AB,0xF776,F776,洞,private,0,U+6D1E
1453,0x5AC,0xF777,F777,津,private,0,U+6D25
1454,0x5AD,0xF778,F778,洲,private,0,U+6D32
1455,0x5AE,0xF779,F779,活,private,0,U+6D3B
1456,0x5AF,0xF77A,F77A,派,private,0,U+6D3E
1457,0x5B0,0xF77B,F77B,流,private,0,U+6D41
1458,0x5B1,0xF77C,F77C,浇,private,0,U+6D47
1459,0x5B2,0xF77D,F77D,测,private,0,U+6D4B
1460,0x5B3,0xF77E,F77E,济,private,0,U+6D4E
1461,0x5B4,0xF780,F780,浏,private,0,U+6D4F
1462,0x5B5,0xF781,F781,浑,private,0,U+6D51
1463,0x5B6,0xF782,F782,浓,private,0,U+6D53
1464,0x5B7,0xF783,F783,浦,private,0,U+6D66
1465,0x5B8,0xF784,F784,浩,private,0,U+6D69
1466,0x5B9,0xF785,F785,浪,private,0,U+6D6A
1467,0x5BA,0xF786,F786,浮,private,0,U+6D6E
1468,0x5BB,0xF787,F787,浴,private,0,U+6D74
1469,0x5BC,0xF788,F788,海,private,0,U+6D77
1470,0x5BD,0xF789,F789,浸,private,0,U+6D78
1471,0x5BE,0xF78A,F78A,涂,private,0,U+6D82
1472,0x5BF,0xF78B,F78B,消,private,0,U+6D88
1473,0x5C0,0xF78C,F78C,涉,private,0,U+6D89
1474,0x5C1,0xF78D,F78D,涌,private,0,U+6D8C
1475,0x5C2,0xF78E,F78E,涕,private,0,U+6D95
1476,0x5C3,0xF78F,F78F,涟,private,0,U+6D9F
1477,0x5C4,0xF790,F790,涡,private,0,U+6DA1
1478,0x5C5,0xF791,F791,润,private,0,U+6DA6
1479,0x5C6,0xF792,F792,涨,private,0,U+6DA8
1480,0x5C7,0xF793,F793,涩,private,0,U+6DA9
1481,0x5C8,0xF794,F794,涯,private,0,U+6DAF
1482,0x5C9,0xF795,F795,液,private,0,U+6DB2
1483,0x5CA,0xF796,F796,涵,private,0,U+6DB5
1484,0x5CB,0xF797,F797,淇,private,0,U+6DC7
1485,0x5CC,0xF798,F798,淋,private,0,U+6DCB
1486,0x5CD,0xF799,F799,淌,private,0,U+6DCC
1487,0x5CE,0xF79A,F79A,淑,private,0,U+6DD1
1488,0x5CF,0xF79B,F79B,淘,private,0,U+6DD8
1489,0x5D0,0xF79C,F79C,淡,private,0,U+6DE1
1490,0x5D1,0xF79D,F79D,深,private,0,U+6DF1
1491,0x5D2,0xF79E,F79E,混,private,0,U+6DF7
1492,0x5D3,0xF79F,F79F,淹,private,0,U+6DF9
1493,0x5D4,0xF7A0,F7A0,添,private,0,U+6DFB
1494,0x5D5,0xF7A1,F7A1,清,private,0,U+6E05
1495,0x5D6,0xF7A2,F7A2,渊,private,0,U+6E0A
1496,0x5D7,0xF7A3,F7A3,渍,private,0,U+6E0D
1497,0x5D8,0xF7A4,F7A4,渐,private,0,U+6E10
1498,0x5D9,0xF7A5,F7A5,渔,private,0,U+6E14
1499,0x5DA,0xF7A6,F7A6,渗,private,0,U+6E17
1500,0x5DB,0xF7A7,F7A7,渡,private,0,U+6E21
1501,0x5DC,0xF7A8,F7A8,温,private,0,U+6E29
1502,0x5DD,0xF7A9,F7A9,港,private,0,U+6E2F
1503,0x5DE,0xF7AA,F7AA,渴,private,0,U+6E34
1504,0x5DF,0xF7AB,F7AB,游,private,0,U+6E38
1505,0x5E0,0xF7AC,F7AC,渺,private,0,U+6E3A
1506,0x5E1,0xF7AD,F7AD,湛,private,0,U+6E5B
1507,0x5E2,0xF7AE,F7AE,湿,private,0,U+6E7F
1508,0x5E3,0xF7AF,F7AF,源,private,0,U+6E90
1509,0x5E4,0xF7B0,F7B0,溜,private,0,U+6E9C
1510,0x5E5,0xF7B1,F7B1,溢,private,0,U+6EA2
1511,0x5E6,0xF7B2,F7B2,溺,private,0,U+6EBA
1512,0x5E7,0xF7B3,F7B3,滋,private,0,U+6ECB
1513,0x5E8,0xF7B4,F7B4,滑,private,0,U+6ED1
1514,0x5E9,0xF7B5,F7B5,滚,private,0,U+6EDA
1515,0x5EA,0xF7B6,F7B6,滞,private,0,U+6EDE
1516,0x5EB,0xF7B7,F7B7,满,private,0,U+6EE1
1517,0x5EC,0xF7B8,F7B8,滨,private,0,U+6EE8
1518,0x5ED,0xF7B9,F7B9,滩,private,0,U+6EE9
1519,0x5EE,0xF7BA,F7BA,滴,private,0,U+6EF4
1520,0x5EF,0xF7BB,F7BB,漂,private,0,U+6F02
1521,0x5F0,0xF7BC,F7BC,漆,private,0,U+6F06
1522,0x5F1,0xF7BD,F7BD,漏,private,0,U+6F0F
1523,0x5F2,0xF7BE,F7BE,演,private,0,U+6F14
1524,0x5F3,0xF7BF,F7BF,漩,private,0,U+6F29
1525,0x5F4,0xF7C0,F7C0,漪,private,0,U+6F2A
1526,0x5F5,0xF7C1,F7C1,漫,private,0,U+6F2B
1527,0x5F6,0xF7C2,F7C2,漱,private,0,U+6F31
1528,0x5F7,0xF7C3,F7C3,潘,private,0,U+6F58
1529,0x5F8,0xF7C4,F7C4,潜,private,0,U+6F5C
1530,0x5F9,0xF7C5,F7C5,潟,private,0,U+6F5F
1531,0x5FA,0xF7C6,F7C6,潮,private,0,U+6F6E
1532,0x5FB,0xF7C7,F7C7,澄,private,0,U+6F84
1533,0x5FC,0xF7C8,F7C8,澈,private,0,U+6F88
1534,0x5FD,0xF7C9,F7C9,澜,private,0,U+6F9C
1535,0x5FE,0xF7CA,F7CA,澡,private,0,U+6FA1
1536,0x5FF,0xF7CB,F7CB,激,private,0,U+6FC0
1537,0x600,0xF7CC,F7CC,濑,private,0,U+6FD1
1538,0x601,0xF7CD,F7CD,瀑,private,0,U+7011
1539,0x602,0xF7CE,F7CE,灌,private,0,U+704C
1540,0x603,0xF7CF,F7CF,火,private,0,U+706B
1541,0x604,0xF7D0,F7D0,灭,private,0,U+706D
1542,0x605,0xF7D1,F7D1,灯,private,0,U+706F
1543,0x606,0xF7D2,F7D2,灰,private,0,U+7070
1544,0x607,0xF7D3,F7D3,灵,private,0,U+7075
1545,0x608,0xF7D4,F7D4,灾,private,0,U+707E
1546,0x609,0xF7D5,F7D5,灿,private,0,U+707F
1547,0x60A,0xF7D6,F7D6,炉,private,0,U+7089
1548,0x60B,0xF7D7,F7D7,炒,private,0,U+7092
1549,0x60C,0xF7D8,F7D8,炖,private,0,U+7096
1550,0x60D,0xF7D9,F7D9,炫,private,0,U+70AB
1551,0x60E,0xF7DA,F7DA,炭,private,0,U+70AD
1552,0x60F,0xF7DB,F7DB,炸,private,0,U+70B8
1553,0x610,0xF7DC,F7DC,点,private,0,U+70B9
1554,0x611,0xF7DD,F7DD,炼,private,0,U+70BC
1555,0x612,0xF7DE,F7DE,烁,private,0,U+70C1
1556,0x613,0xF7DF,F7DF,烂,private,0,U+70C2
1557,0x614,0xF7E0,F7E0,烈,private,0,U+70C8
1558,0x615,0xF7E1,F7E1,烘,private,0,U+70D8
1559,0x616,0xF7E2,F7E2,烙,private,0,U+70D9
1560,0x617,0xF7E3,F7E3,烟,private,0,U+70DF
1561,0x618,0xF7E4,F7E4,烤,private,0,U+70E4
1562,0x619,0xF7E5,F7E5,烦,private,0,U+70E6
1563,0x61A,0xF7E6,F7E6,烧,private,0,U+70E7
1564,0x61B,0xF7E7,F7E7,烫,private,0,U+70EB
1565,0x61C,0xF7E8,F7E8,热,private,0,U+70ED
1566,0x61D,0xF7E9,F7E9,烹,private,0,U+70F9
1567,0x61E,0xF7EA,F7EA,焕,private,0,U+7115
1568,0x61F,0xF7EB,F7EB,焦,private,0,U+7126
1569,0x620,0xF7EC,F7EC,焰,private,0,U+7130
1570,0x621,0xF7ED,F7ED,然,private,0,U+7136
1571,0x622,0xF7EE,F7EE,煌,private,0,U+714C
1572,0x623,0xF7EF,F7EF,煤,private,0,U+7164
1573,0x624,0xF7F0,F7F0,照,private,0,U+7167
1574,0x625,0xF7F1,F7F1,煮,private,0,U+716E
1575,0x626,0xF7F2,F7F2,熊,private,0,U+718A
1576,0x627,0xF7F3,F7F3,熟,private,0,U+719F
1577,0x628,0xF7F4,F7F4,熬,private,0,U+71AC
1578,0x629,0xF7F5,F7F5,燃,private,0,U+71C3
1579,0x62A,0xF7F6,F7F6,燕,private,0,U+71D5
1580,0x62B,0xF7F7,F7F7,爆,private,0,U+7206
1581,0x62C,0xF7F8,F7F8,爪,private,0,U+722A
1582,0x62D,0xF7F9,F7F9,爬,private,0,U+722C
1583,0x62E,0xF7FA,F7FA,爱,private,0,U+7231
1584,0x62F,0xF7FB,F7FB,爵,private,0,U+7235
1585,0x630,0xF7FC,F7FC,父,private,0,U+7236
1586,0x631,0xF840,F840,爷,private,0,U+7237
1587,0x632,0xF841,F841,爸,private,0,U+7238
1588,0x633,0xF842,F842,爽,private,0,U+723D
1589,0x634,0xF843,F843,片,private,0,U+7247
1590,0x635,0xF844,F844,版,private,0,U+7248
1591,0x636,0xF845,F845,牌,private,0,U+724C
1592,0x637,0xF846,F846,牙,private,0,U+7259
1593,0x638,0xF847,F847,牛,private,0,U+725B
1594,0x639,0xF848,F848,牢,private,0,U+7262
1595,0x63A,0xF849,F849,物,private,0,U+7269
1596,0x63B,0xF84A,F84A,牲,private,0,U+7272
1597,0x63C,0xF84B,F84B,牵,private,0,U+7275
1598,0x63D,0xF84C,F84C,特,private,0,U+7279
1599,0x63E,0xF84D,F84D,牺,private,0,U+727A
1600,0x63F,0xF84E,F84E,犀,private,0,U+7280
1601,0x640,0xF84F,F84F,犬,private,0,U+72AC
1602,0x641,0xF850,F850,犯,private,0,U+72AF
1603,0x642,0xF851,F851,状,private,0,U+72B6
1604,0x643,0xF852,F852,犹,private,0,U+72B9
1605,0x644,0xF853,F853,狂,private,0,U+72C2
1606,0x645,0xF854,F854,狐,private,0,U+72D0
1607,0x646,0xF855,F855,狗,private,0,U+72D7
1608,0x647,0xF856,F856,狠,private,0,U+72E0
1609,0x648,0xF857,F857,狡,private,0,U+72E1
1610,0x649,0xF858,F858,狩,private,0,U+72E9
1611,0x64A,0xF859,F859,独,private,0,U+72EC
1612,0x64B,0xF85A,F85A,狭,private,0,U+72ED
1613,0x64C,0xF85B,F85B,狮,private,0,U+72EE
1614,0x64D,0xF85C,F85C,狱,private,0,U+72F1
1615,0x64E,0xF85D,F85D,狸,private,0,U+72F8
1616,0x64F,0xF85E,F85E,猎,private,0,U+730E
1617,0x650,0xF85F,F85F,猕,private,0,U+7315
1618,0x651,0xF860,F860,猛,private,0,U+731B
1619,0x652,0xF861,F861,猜,private,0,U+731C
1620,0x653,0xF862,F862,猪,private,0,U+732A
1621,0x654,0xF863,F863,猫,private,0,U+732B
1622,0x655,0xF864,F864,献,private,0,U+732E
1623,0x656,0xF865,F865,猴,private,0,U+7334
1624,0x657,0xF866,F866,猾,private,0,U+733E
1625,0x658,0xF867,F867,玄,private,0,U+7384
1626,0x659,0xF868,F868,率,private,0,U+7387
1627,0x65A,0xF869,F869,玉,private,0,U+7389
1628,0x65B,0xF86A,F86A,王,private,0,U+738B
1629,0x65C,0xF86B,F86B,玩,private,0,U+73A9
1630,0x65D,0xF86C,F86C,玫,private,0,U+73AB
1631,0x65E,0xF86D,F86D,环,private,0,U+73AF
1632,0x65F,0xF86E,F86E,现,private,0,U+73B0
1633,0x660,0xF86F,F86F,玲,private,0,U+73B2
1634,0x661,0xF870,F870,玻,private,0,U+73BB
1635,0x662,0xF871,F871,珍,private,0,U+73CD
1636,0x663,0xF872,F872,珑,private,0,U+73D1
1637,0x664,0xF873,F873,珠,private,0,U+73E0
1638,0x665,0xF874,F874,班,private,0,U+73ED
1639,0x666,0xF875,F875,球,private,0,U+7403
1640,0x667,0xF876,F876,理,private,0,U+7406
1641,0x668,0xF877,F877,琉,private,0,U+7409
1642,0x669,0xF878,F878,琐,private,0,U+7410
1643,0x66A,0xF879,F879,琢,private,0,U+7422
1644,0x66B,0xF87A,F87A,瑰,private,0,U+7470
1645,0x66C,0xF87B,F87B,璀,private,0,U+7480
1646,0x66D,0xF87C,F87C,璃,private,0,U+7483
1647,0x66E,0xF87D,F87D,璨,private,0,U+74A8
1648,0x66F,0xF87E,F87E,瓜,private,0,U+74DC
1649,0x670,0xF880,F880,瓢,private,0,U+74E2
1650,0x671,0xF881,F881,瓣,private,0,U+74E3
1651,0x672,0xF882,F882,瓶,private,0,U+74F6
1652,0x673,0xF883,F883,甘,private,0,U+7518
1653,0x674,0xF884,F884,甚,private,0,U+751A
1654,0x675,0xF885,F885,甜,private,0,U+751C
1655,0x676,0xF886,F886,生,private,0,U+751F
1656,0x677,0xF887,F887,用,private,0,U+7528
1657,0x678,0xF888,F888,甩,private,0,U+7529
1658,0x679,0xF889,F889,田,private,0,U+7530
1659,0x67A,0xF88A,F88A,由,private,0,U+7531
1660,0x67B,0xF88B,F88B,甲,private,0,U+7532
1661,0x67C,0xF88C,F88C,申,private,0,U+7533
1662,0x67D,0xF88D,F88D,电,private,0,U+7535
1663,0x67E,0xF88E,F88E,男,private,0,U+7537
1664,0x67F,0xF88F,F88F,画,private,0,U+753B
1665,0x680,0xF890,F890,畅,private,0,U+7545
1666,0x681,0xF891,F891,界,private,0,U+754C
1667,0x682,0xF892,F892,畏,private,0,U+754F
1668,0x683,0xF893,F893,留,private,0,U+7559
1669,0x684,0xF894,F894,略,private,0,U+7565
1670,0x685,0xF895,F895,番,private,0,U+756A
1671,0x686,0xF896,F896,疏,private,0,U+758F
1672,0x687,0xF897,F897,疑,private,0,U+7591
1673,0x688,0xF898,F898,疙,private,0,U+7599
1674,0x689,0xF899,F899,疯,private,0,U+75AF
1675,0x68A,0xF89A,F89A,疲,private,0,U+75B2
1676,0x68B,0xF89B,F89B,疼,private,0,U+75BC
1677,0x68C,0xF89C,F89C,疾,private,0,U+75BE
1678,0x68D,0xF89D,F89D,病,private,0,U+75C5
1679,0x68E,0xF89E,F89E,症,private,0,U+75C7
1680,0x68F,0xF89F,F89F,痒,private,0,U+75D2
1681,0x690,0xF8A0,F8A0,痛,private,0,U+75DB
1682,0x691,0xF8A1,F8A1,瘦,private,0,U+7626
1683,0x692,0xF8A2,F8A2,瘩,private,0,U+7629
1684,0x693,0xF8A3,F8A3,瘫,private,0,U+762B
1685,0x694,0xF8A4,F8A4,瘾,private,0,U+763E
1686,0x695,0xF8A5,F8A5,癖,private,0,U+7656
1687,0x696,0xF8A6,F8A6,登,private,0,U+767B
1688,0x697,0xF8A7,F8A7,白,private,0,U+767D
1689,0x698,0xF8A8,F8A8,百,private,0,U+767E
1690,0x699,0xF8A9,F8A9,的,private,0,U+7684
1691,0x69A,0xF8AA,F8AA,皆,private,0,U+7686
1692,0x69B,0xF8AB,F8AB,皎,private,0,U+768E
1693,0x69C,0xF8AC,F8AC,皮,private,0,U+76AE
1694,0x69D,0xF8AD,F8AD,皱,private,0,U+76B1
1695,0x69E,0xF8AE,F8AE,盆,private,0,U+76C6
1696,0x69F,0xF8AF,F8AF,盈,private,0,U+76C8
1697,0x6A0,0xF8B0,F8B0,益,private,0,U+76CA
1698,0x6A1,0xF8B1,F8B1,监,private,0,U+76D1
1699,0x6A2,0xF8B2,F8B2,盒,private,0,U+76D2
1700,0x6A3,0xF8B3,F8B3,盖,private,0,U+76D6
1701,0x6A4,0xF8B4,F8B4,盗,private,0,U+76D7
1702,0x6A5,0xF8B5,F8B5,盘,private,0,U+76D8
1703,0x6A6,0xF8B6,F8B6,盛,private,0,U+76DB
1704,0x6A7,0xF8B7,F8B7,目,private,0,U+76EE
1705,0x6A8,0xF8B8,F8B8,盯,private,0,U+76EF
1706,0x6A9,0xF8B9,F8B9,盲,private,0,U+76F2
1707,0x6AA,0xF8BA,F8BA,直,private,0,U+76F4
1708,0x6AB,0xF8BB,F8BB,相,private,0,U+76F8
1709,0x6AC,0xF8BC,F8BC,盼,private,0,U+76FC
1710,0x6AD,0xF8BD,F8BD,省,private,0,U+7701
1711,0x6AE,0xF8BE,F8BE,眉,private,0,U+7709
1712,0x6AF,0xF8BF,F8BF,看,private,0,U+770B
1713,0x6B0,0xF8C0,F8C0,真,private,0,U+771F
1714,0x6B1,0xF8C1,F8C1,眠,private,0,U+7720
1715,0x6B2,0xF8C2,F8C2,眨,private,0,U+7728
1716,0x6B3,0xF8C3,F8C3,眩,private,0,U+7729
1717,0x6B4,0xF8C4,F8C4,眯,private,0,U+772F
1718,0x6B5,0xF8C5,F8C5,眺,private,0,U+773A
1719,0x6B6,0xF8C6,F8C6,眼,private,0,U+773C
1720,0x6B7,0xF8C7,F8C7,着,private,0,U+7740
1721,0x6B8,0xF8C8,F8C8,睛,private,0,U+775B
1722,0x6B9,0xF8C9,F8C9,睡,private,0,U+7761
1723,0x6BA,0xF8CA,F8CA,督,private,0,U+7763
1724,0x6BB,0xF8CB,F8CB,睦,private,0,U+7766
1725,0x6BC,0xF8CC,F8CC,睹,private,0,U+7779
1726,0x6BD,0xF8CD,F8CD,瞄,private,0,U+7784
1727,0x6BE,0xF8CE,F8CE,瞎,private,0,U+778E
1728,0x6BF,0xF8CF,F8CF,瞒,private,0,U+7792
1729,0x6C0,0xF8D0,F8D0,瞟,private,0,U+779F
1730,0x6C1,0xF8D1,F8D1,瞥,private,0,U+77A5
1731,0x6C2,0xF8D2,F8D2,瞧,private,0,U+77A7
1732,0x6C3,0xF8D3,F8D3,瞩,private,0,U+77A9
1733,0x6C4,0xF8D4,F8D4,瞪,private,0,U+77AA
1734,0x6C5,0xF8D5,F8D5,瞬,private,0,U+77AC
1735,0x6C6,0xF8D6,F8D6,瞰,private,0,U+77B0
1736,0x6C7,0xF8D7,F8D7,瞳,private,0,U+77B3
1737,0x6C8,0xF8D8,F8D8,知,private,0,U+77E5
1738,0x6C9,0xF8D9,F8D9,短,private,0,U+77ED
1739,0x6CA,0xF8DA,F8DA,矮,private,0,U+77EE
1740,0x6CB,0xF8DB,F8DB,石,private,0,U+77F3
1741,0x6CC,0xF8DC,F8DC,矿,private,0,U+77FF
1742,0x6CD,0xF8DD,F8DD,码,private,0,U+7801
1743,0x6CE,0xF8DE,F8DE,研,private,0,U+7814
1744,0x6CF,0xF8DF,F8DF,砰,private,0,U+7830
1745,0x6D0,0xF8E0,F8E0,破,private,0,U+7834
1746,0x6D1,0xF8E1,F8E1,砸,private,0,U+7838
1747,0x6D2,0xF8E2,F8E2,砺,private,0,U+783A
1748,0x6D3,0xF8E3,F8E3,础,private,0,U+7840
1749,0x6D4,0xF8E4,F8E4,硬,private,0,U+786C
1750,0x6D5,0xF8E5,F8E5,确,private,0,U+786E
1751,0x6D6,0xF8E6,F8E6,碌,private,0,U+788C
1752,0x6D7,0xF8E7,F8E7,碍,private,0,U+788D
1753,0x6D8,0xF8E8,F8E8,碎,private,0,U+788E
1754,0x6D9,0xF8E9,F8E9,碗,private,0,U+7897
1755,0x6DA,0xF8EA,F8EA,碰,private,0,U+78B0
1756,0x6DB,0xF8EB,F8EB,碾,private,0,U+78BE
1757,0x6DC,0xF8EC,F8EC,磁,private,0,U+78C1
1758,0x6DD,0xF8ED,F8ED,磨,private,0,U+78E8
1759,0x6DE,0xF8EE,F8EE,示,private,0,U+793A
1760,0x6DF,0xF8EF,F8EF,礼,private,0,U+793C
1761,0x6E0,0xF8F0,F8F0,社,private,0,U+793E
1762,0x6E1,0xF8F1,F8F1,祈,private,0,U+7948
1763,0x6E2,0xF8F2,F8F2,祝,private,0,U+795D
1764,0x6E3,0xF8F3,F8F3,神,private,0,U+795E
1765,0x6E4,0xF8F4,F8F4,祟,private,0,U+795F
1766,0x6E5,0xF8F5,F8F5,票,private,0,U+7968
1767,0x6E6,0xF8F6,F8F6,祭,private,0,U+796D
1768,0x6E7,0xF8F7,F8F7,祷,private,0,U+7977
1769,0x6E8,0xF8F8,F8F8,祸,private,0,U+7978
1770,0x6E9,0xF8F9,F8F9,禁,private,0,U+7981
1771,0x6EA,0xF8FA,F8FA,福,private,0,U+798F
1772,0x6EB,0xF8FB,F8FB,离,private,0,U+79BB
1773,0x6EC,0xF8FC,F8FC,秀,private,0,U+79C0
1774,0x6ED,0xF940,F940,私,private,0,U+79C1
1775,0x6EE,0xF941,F941,秋,private,0,U+79CB
1776,0x6EF,0xF942,F942,种,private,0,U+79CD
1777,0x6F0,0xF943,F943,科,private,0,U+79D1
1778,0x6F1,0xF944,F944,秒,private,0,U+79D2
1779,0x6F2,0xF945,F945,秘,private,0,U+79D8
1780,0x6F3,0xF946,F946,租,private,0,U+79DF
1781,0x6F4,0xF947,F947,积,private,0,U+79EF
1782,0x6F5,0xF948,F948,称,private,0,U+79F0
1783,0x6F6,0xF949,F949,移,private,0,U+79FB
1784,0x6F7,0xF94A,F94A,秽,private,0,U+79FD
1785,0x6F8,0xF94B,F94B,稀,private,0,U+7A00
1786,0x6F9,0xF94C,F94C,程,private,0,U+7A0B
1787,0x6FA,0xF94D,F94D,稍,private,0,U+7A0D
1788,0x6FB,0xF94E,F94E,稳,private,0,U+7A33
1789,0x6FC,0xF94F,F94F,稽,private,0,U+7A3D
1790,0x6FD,0xF950,F950,究,private,0,U+7A76
1791,0x6FE,0xF951,F951,空,private,0,U+7A7A
1792,0x6FF,0xF952,F952,穿,private,0,U+7A7F
1793,0x700,0xF953,F953,突,private,0,U+7A81
1794,0x701,0xF954,F954,窄,private,0,U+7A84
1795,0x702,0xF955,F955,窍,private,0,U+7A8D
1796,0x703,0xF956,F956,窗,private,0,U+7A97
1797,0x704,0xF957,F957,窝,private,0,U+7A9D
1798,0x705,0xF958,F958,窥,private,0,U+7AA5
1799,0x706,0xF959,F959,立,private,0,U+7ACB
1800,0x707,0xF95A,F95A,竖,private,0,U+7AD6
1801,0x708,0xF95B,F95B,站,private,0,U+7AD9
1802,0x709,0xF95C,F95C,竞,private,0,U+7ADE
1803,0x70A,0xF95D,F95D,竟,private,0,U+7ADF
1804,0x70B,0xF95E,F95E,章,private,0,U+7AE0
1805,0x70C,0xF95F,F95F,童,private,0,U+7AE5
1806,0x70D,0xF960,F960,竭,private,0,U+7AED
1807,0x70E,0xF961,F961,端,private,0,U+7AEF
1808,0x70F,0xF962,F962,竹,private,0,U+7AF9
1809,0x710,0xF963,F963,笑,private,0,U+7B11
1810,0x711,0xF964,F964,笔,private,0,U+7B14
1811,0x712,0xF965,F965,符,private,0,U+7B26
1812,0x713,0xF966,F966,笨,private,0,U+7B28
1813,0x714,0xF967,F967,第,private,0,U+7B2C
1814,0x715,0xF968,F968,笼,private,0,U+7B3C
1815,0x716,0xF969,F969,等,private,0,U+7B49
1816,0x717,0xF96A,F96A,筋,private,0,U+7B4B
1817,0x718,0xF96B,F96B,筑,private,0,U+7B51
1818,0x719,0xF96C,F96C,答,private,0,U+7B54
1819,0x71A,0xF96D,F96D,策,private,0,U+7B56
1820,0x71B,0xF96E,F96E,筹,private,0,U+7B79
1821,0x71C,0xF96F,F96F,签,private,0,U+7B7E
1822,0x71D,0xF970,F970,简,private,0,U+7B80
1823,0x71E,0xF971,F971,箍,private,0,U+7B8D
1824,0x71F,0xF972,F972,算,private,0,U+7B97
1825,0x720,0xF973,F973,管,private,0,U+7BA1
1826,0x721,0xF974,F974,箭,private,0,U+7BAD
1827,0x722,0xF975,F975,箱,private,0,U+7BB1
1828,0x723,0xF976,F976,篇,private,0,U+7BC7
1829,0x724,0xF977,F977,篝,private,0,U+7BDD
1830,0x725,0xF978,F978,篮,private,0,U+7BEE
1831,0x726,0xF979,F979,篷,private,0,U+7BF7
1832,0x727,0xF97A,F97A,米,private,0,U+7C73
1833,0x728,0xF97B,F97B,类,private,0,U+7C7B
1834,0x729,0xF97C,F97C,粉,private,0,U+7C89
1835,0x72A,0xF97D,F97D,粗,private,0,U+7C97
1836,0x72B,0xF97E,F97E,粹,private,0,U+7CB9
1837,0x72C,0xF980,F980,精,private,0,U+7CBE
1838,0x72D,0xF981,F981,糊,private,0,U+7CCA
1839,0x72E,0xF982,F982,糕,private,0,U+7CD5
1840,0x72F,0xF983,F983,糖,private,0,U+7CD6
1841,0x730,0xF984,F984,糙,private,0,U+7CD9
1842,0x731,0xF985,F985,糟,private,0,U+7CDF
1843,0x732,0xF986,F986,系,private,0,U+7CFB
1844,0x733,0xF987,F987,紊,private,0,U+7D0A
1845,0x734,0xF988,F988,素,private,0,U+7D20
1846,0x735,0xF989,F989,索,private,0,U+7D22
1847,0x736,0xF98A,F98A,紧,private,0,U+7D27
1848,0x737,0xF98B,F98B,累,private,0,U+7D2F
1849,0x738,0xF98C,F98C,絮,private,0,U+7D6E
1850,0x739,0xF98D,F98D,絵,private,0,U+7D75
1851,0x73A,0xF98E,F98E,繁,private,0,U+7E41
1852,0x73B,0xF98F,F98F,纠,private,0,U+7EA0
1853,0x73C,0xF990,F990,红,private,0,U+7EA2
1854,0x73D,0xF991,F991,纤,private,0,U+7EA4
1855,0x73E,0xF992,F992,约,private,0,U+7EA6
1856,0x73F,0xF993,F993,级,private,0,U+7EA7
1857,0x740,0xF994,F994,纪,private,0,U+7EAA
1858,0x741,0xF995,F995,纯,private,0,U+7EAF
1859,0x742,0xF996,F996,纱,private,0,U+7EB1
1860,0x743,0xF997,F997,纲,private,0,U+7EB2
1861,0x744,0xF998,F998,纳,private,0,U+7EB3
1862,0x745,0xF999,F999,纸,private,0,U+7EB8
1863,0x746,0xF99A,F99A,纹,private,0,U+7EB9
1864,0x747,0xF99B,F99B,纺,private,0,U+7EBA
1865,0x748,0xF99C,F99C,线,private,0,U+7EBF
1866,0x749,0xF99D,F99D,练,private,0,U+7EC3
1867,0x74A,0xF99E,F99E,组,private,0,U+7EC4
1868,0x74B,0xF99F,F99F,绅,private,0,U+7EC5
1869,0x74C,0xF9A0,F9A0,细,private,0,U+7EC6
1870,0x74D,0xF9A1,F9A1,织,private,0,U+7EC7
1871,0x74E,0xF9A2,F9A2,终,private,0,U+7EC8
1872,0x74F,0xF9A3,F9A3,绊,private,0,U+7ECA
1873,0x750,0xF9A4,F9A4,绍,private,0,U+7ECD
1874,0x751,0xF9A5,F9A5,绎,private,0,U+7ECE
1875,0x752,0xF9A6,F9A6,经,private,0,U+7ECF
1876,0x753,0xF9A7,F9A7,绑,private,0,U+7ED1
1877,0x754,0xF9A8,F9A8,绒,private,0,U+7ED2
1878,0x755,0xF9A9,F9A9,结,private,0,U+7ED3
1879,0x756,0xF9AA,F9AA,绕,private,0,U+7ED5
1880,0x757,0xF9AB,F9AB,绘,private,0,U+7ED8
1881,0x758,0xF9AC,F9AC,给,private,0,U+7ED9
1882,0x759,0xF9AD,F9AD,绚,private,0,U+7EDA
1883,0x75A,0xF9AE,F9AE,络,private,0,U+7EDC
1884,0x75B,0xF9AF,F9AF,绝,private,0,U+7EDD
1885,0x75C,0xF9B0,F9B0,统,private,0,U+7EDF
1886,0x75D,0xF9B1,F9B1,继,private,0,U+7EE7
1887,0x75E,0xF9B2,F9B2,绩,private,0,U+7EE9
1888,0x75F,0xF9B3,F9B3,绪,private,0,U+7EEA
1889,0x760,0xF9B4,F9B4,续,private,0,U+7EED
1890,0x761,0xF9B5,F9B5,绰,private,0,U+7EF0
1891,0x762,0xF9B6,F9B6,绳,private,0,U+7EF3
1892,0x763,0xF9B7,F9B7,维,private,0,U+7EF4
1893,0x764,0xF9B8,F9B8,绵,private,0,U+7EF5
1894,0x765,0xF9B9,F9B9,绷,private,0,U+7EF7
1895,0x766,0xF9BA,F9BA,绸,private,0,U+7EF8
1896,0x767,0xF9BB,F9BB,综,private,0,U+7EFC
1897,0x768,0xF9BC,F9BC,绽,private,0,U+7EFD
1898,0x769,0xF9BD,F9BD,绿,private,0,U+7EFF
1899,0x76A,0xF9BE,F9BE,缎,private,0,U+7F0E
1900,0x76B,0xF9BF,F9BF,缓,private,0,U+7F13
1901,0x76C,0xF9C0,F9C0,编,private,0,U+7F16
1902,0x76D,0xF9C1,F9C1,缘,private,0,U+7F18
1903,0x76E,0xF9C2,F9C2,缚,private,0,U+7F1A
1904,0x76F,0xF9C3,F9C3,缝,private,0,U+7F1D
1905,0x770,0xF9C4,F9C4,缠,private,0,U+7F20
1906,0x771,0xF9C5,F9C5,缩,private,0,U+7F29
1907,0x772,0xF9C6,F9C6,缺,private,0,U+7F3A
1908,0x773,0xF9C7,F9C7,罐,private,0,U+7F50
1909,0x774,0xF9C8,F9C8,网,private,0,U+7F51
1910,0x775,0xF9C9,F9C9,罗,private,0,U+7F57
1911,0x776,0xF9CA,F9CA,罚,private,0,U+7F5A
1912,0x777,0xF9CB,F9CB,罢,private,0,U+7F62
1913,0x778,0xF9CC,F9CC,罩,private,0,U+7F69
1914,0x779,0xF9CD,F9CD,罪,private,0,U+7F6A
1915,0x77A,0xF9CE,F9CE,置,private,0,U+7F6E
1916,0x77B,0xF9CF,F9CF,羁,private,0,U+7F81
1917,0x77C,0xF9D0,F9D0,美,private,0,U+7F8E
1918,0x77D,0xF9D1,F9D1,羞,private,0,U+7F9E
1919,0x77E,0xF9D2,F9D2,羡,private,0,U+7FA1
1920,0x77F,0xF9D3,F9D3,群,private,0,U+7FA4
1921,0x780,0xF9D4,F9D4,羽,private,0,U+7FBD
1922,0x781,0xF9D5,F9D5,翅,private,0,U+7FC5
1923,0x782,0xF9D6,F9D6,翔,private,0,U+7FD4
1924,0x783,0xF9D7,F9D7,翘,private,0,U+7FD8
1925,0x784,0xF9D8,F9D8,翱,private,0,U+7FF1
1926,0x785,0xF9D9,F9D9,翻,private,0,U+7FFB
1927,0x786,0xF9DA,F9DA,翼,private,0,U+7FFC
1928,0x787,0xF9DB,F9DB,耀,private,0,U+8000
1929,0x788,0xF9DC,F9DC,老,private,0,U+8001
1930,0x789,0xF9DD,F9DD,考,private,0,U+8003
1931,0x78A,0xF9DE,F9DE,者,private,0,U+8005
1932,0x78B,0xF9DF,F9DF,而,private,0,U+800C
1933,0x78C,0xF9E0,F9E0,耍,private,0,U+800D
1934,0x78D,0xF9E1,F9E1,耐,private,0,U+8010
1935,0x78E,0xF9E2,F9E2,耗,private,0,U+8017
1936,0x78F,0xF9E3,F9E3,耳,private,0,U+8033
1937,0x790,0xF9E4,F9E4,耶,private,0,U+8036
1938,0x791,0xF9E5,F9E5,耻,private,0,U+803B
1939,0x792,0xF9E6,F9E6,耽,private,0,U+803D
1940,0x793,0xF9E7,F9E7,聊,private,0,U+804A
1941,0x794,0xF9E8,F9E8,聋,private,0,U+804B
1942,0x795,0xF9E9,F9E9,职,private,0,U+804C
1943,0x796,0xF9EA,F9EA,联,private,0,U+8054
1944,0x797,0xF9EB,F9EB,聘,private,0,U+8058
1945,0x798,0xF9EC,F9EC,聚,private,0,U+805A
1946,0x799,0xF9ED,F9ED,聪,private,0,U+806A
1947,0x79A,0xF9EE,F9EE,肃,private,0,U+8083
1948,0x79B,0xF9EF,F9EF,肉,private,0,U+8089
1949,0x79C,0xF9F0,F9F0,肌,private,0,U+808C
1950,0x79D,0xF9F1,F9F1,肚,private,0,U+809A
1951,0x79E,0xF9F2,F9F2,股,private,0,U+80A1
1952,0x79F,0xF9F3,F9F3,肤,private,0,U+80A4
1953,0x7A0,0xF9F4,F9F4,肥,private,0,U+80A5
1954,0x7A1,0xF9F5,F9F5,肩,private,0,U+80A9
1955,0x7A2,0xF9F6,F9F6,肪,private,0,U+80AA
1956,0x7A3,0xF9F7,F9F7,肮,private,0,U+80AE
1957,0x7A4,0xF9F8,F9F8,肯,private,0,U+80AF
1958,0x7A5,0xF9F9,F9F9,育,private,0,U+80B2
1959,0x7A6,0xF9FA,F9FA,肿,private,0,U+80BF
1960,0x7A7,0xF9FB,F9FB,胀,private,0,U+80C0
1961,0x7A8,0xF9FC,F9FC,胃,private,0,U+80C3
1962,0x7A9,0xFA40,FA40,胆,private,0,U+80C6
1963,0x7AA,0xFA41,FA41,背,private,0,U+80CC
1964,0x7AB,0xFA42,FA42,胎,private,0,U+80CE
1965,0x7AC,0xFA43,FA43,胜,private,0,U+80DC
1966,0x7AD,0xFA44,FA44,胞,private,0,U+80DE
1967,0x7AE,0xFA45,FA45,胡,private,0,U+80E1
1968,0x7AF,0xFA46,FA46,胳,private,0,U+80F3
1969,0x7B0,0xFA47,FA47,胶,private,0,U+80F6
1970,0x7B1,0xFA48,FA48,胸,private,0,U+80F8
1971,0x7B2,0xFA49,FA49,能,private,0,U+80FD
1972,0x7B3,0xFA4A,FA4A,脂,private,0,U+8102
1973,0x7B4,0xFA4B,FA4B,脆,private,0,U+8106
1974,0x7B5,0xFA4C,FA4C,脊,private,0,U+810A
1975,0x7B6,0xFA4D,FA4D,脏,private,0,U+810F
1976,0x7B7,0xFA4E,FA4E,脑,private,0,U+8111
1977,0x7B8,0xFA4F,FA4F,脖,private,0,U+8116
1978,0x7B9,0xFA50,FA50,脚,private,0,U+811A
1979,0x7BA,0xFA51,FA51,脱,private,0,U+8131
1980,0x7BB,0xFA52,FA52,脸,private,0,U+8138
1981,0x7BC,0xFA53,FA53,脾,private,0,U+813E
1982,0x7BD,0xFA54,FA54,腐,private,0,U+8150
1983,0x7BE,0xFA55,FA55,腕,private,0,U+8155
1984,0x7BF,0xFA56,FA56,腮,private,0,U+816E
1985,0x7C0,0xFA57,FA57,腰,private,0,U+8170
1986,0x7C1,0xFA58,FA58,腹,private,0,U+8179
1987,0x7C2,0xFA59,FA59,腻,private,0,U+817B
1988,0x7C3,0xFA5A,FA5A,腾,private,0,U+817E
1989,0x7C4,0xFA5B,FA5B,腿,private,0,U+817F
1990,0x7C5,0xFA5C,FA5C,膀,private,0,U+8180
1991,0x7C6,0xFA5D,FA5D,膊,private,0,U+818A
1992,0x7C7,0xFA5E,FA5E,膏,private,0,U+818F
1993,0x7C8,0xFA5F,FA5F,膛,private,0,U+819B
1994,0x7C9,0xFA60,FA60,臂,private,0,U+81C2
1995,0x7CA,0xFA61,FA61,臣,private,0,U+81E3
1996,0x7CB,0xFA62,FA62,自,private,0,U+81EA
1997,0x7CC,0xFA63,FA63,至,private,0,U+81F3
1998,0x7CD,0xFA64,FA64,致,private,0,U+81F4
1999,0x7CE,0xFA65,FA65,臼,private,0,U+81FC
2000,0x7CF,0xFA66,FA66,舌,private,0,U+820C
2001,0x7D0,0xFA67,FA67,舍,private,0,U+820D
2002,0x7D1,0xFA68,FA68,舒,private,0,U+8212
2003,0x7D2,0xFA69,FA69,舔,private,0,U+8214
2004,0x7D3,0xFA6A,FA6A,舞,private,0,U+821E
2005,0x7D4,0xFA6B,FA6B,般,private,0,U+822C
2006,0x7D5,0xFA6C,FA6C,船,private,0,U+8239
2007,0x7D6,0xFA6D,FA6D,艇,private,0,U+8247
2008,0x7D7,0xFA6E,FA6E,艘,private,0,U+8258
2009,0x7D8,0xFA6F,FA6F,艮,private,0,U+826E
2010,0x7D9,0xFA70,FA70,良,private,0,U+826F
2011,0x7DA,0xFA71,FA71,艰,private,0,U+8270
2012,0x7DB,0xFA72,FA72,色,private,0,U+8272
2013,0x7DC,0xFA73,FA73,艺,private,0,U+827A
2014,0x7DD,0xFA74,FA74,节,private,0,U+8282
2015,0x7DE,0xFA75,FA75,芋,private,0,U+828B
2016,0x7DF,0xFA76,FA76,芒,private,0,U+8292
2017,0x7E0,0xFA77,FA77,芙,private,0,U+8299
2018,0x7E1,0xFA78,FA78,芝,private,0,U+829D
2019,0x7E2,0xFA79,FA79,花,private,0,U+82B1
2020,0x7E3,0xFA7A,FA7A,芳,private,0,U+82B3
2021,0x7E4,0xFA7B,FA7B,芽,private,0,U+82BD
2022,0x7E5,0xFA7C,FA7C,苍,private,0,U+82CD
2023,0x7E6,0xFA7D,FA7D,苏,private,0,U+82CF
2024,0x7E7,0xFA7E,FA7E,苗,private,0,U+82D7
2025,0x7E8,0xFA80,FA80,苟,private,0,U+82DF
2026,0x7E9,0xFA81,FA81,若,private,0,U+82E5
2027,0x7EA,0xFA82,FA82,苦,private,0,U+82E6
2028,0x7EB,0xFA83,FA83,英,private,0,U+82F1
2029,0x7EC,0xFA84,FA84,苹,private,0,U+82F9
2030,0x7ED,0xFA85,FA85,茁,private,0,U+8301
2031,0x7EE,0xFA86,FA86,茂,private,0,U+8302
2032,0x7EF,0xFA87,FA87,范,private,0,U+8303
2033,0x7F0,0xFA88,FA88,茨,private,0,U+8328
2034,0x7F1,0xFA89,FA89,茫,private,0,U+832B
2035,0x7F2,0xFA8A,FA8A,茬,private,0,U+832C
2036,0x7F3,0xFA8B,FA8B,茶,private,0,U+8336
2037,0x7F4,0xFA8C,FA8C,茸,private,0,U+8338
2038,0x7F5,0xFA8D,FA8D,草,private,0,U+8349
2039,0x7F6,0xFA8E,FA8E,荐,private,0,U+8350
2040,0x7F7,0xFA8F,FA8F,荒,private,0,U+8352
2041,0x7F8,0xFA90,FA90,荞,private,0,U+835E
2042,0x7F9,0xFA91,FA91,荣,private,0,U+8363
2043,0x7FA,0xFA92,FA92,药,private,0,U+836F
2044,0x7FB,0xFA93,FA93,荷,private,0,U+8377
2045,0x7FC,0xFA94,FA94,莉,private,0,U+8389
2046,0x7FD,0xFA95,FA95,莓,private,0,U+8393
2047,0x7FE,0xFA96,FA96,莫,private,0,U+83AB
2048,0x7FF,0xFA97,FA97,莱,private,0,U+83B1
2049,0x800,0xFA98,FA98,莲,private,0,U+83B2
2050,0x801,0xFA99,FA99,获,private,0,U+83B7
2051,0x802,0xFA9A,FA9A,莹,private,0,U+83B9
2052,0x803,0xFA9B,FA9B,莽,private,0,U+83BD
2053,0x804,0xFA9C,FA9C,菊,private,0,U+83CA
2054,0x805,0xFA9D,FA9D,菜,private,0,U+83DC
2055,0x806,0xFA9E,FA9E,菠,private,0,U+83E0
2056,0x807,0xFA9F,FA9F,菲,private,0,U+83F2
2057,0x808,0xFAA0,FAA0,萌,private,0,U+840C
2058,0x809,0xFAA1,FAA1,萝,private,0,U+841D
2059,0x80A,0xFAA2,FAA2,萤,private,0,U+8424
2060,0x80B,0xFAA3,FAA3,营,private,0,U+8425
2061,0x80C,0xFAA4,FAA4,萨,private,0,U+8428
2062,0x80D,0xFAA5,FAA5,萩,private,0,U+8429
2063,0x80E,0xFAA6,FAA6,落,private,0,U+843D
2064,0x80F,0xFAA7,FAA7,著,private,0,U+8457
2065,0x810,0xFAA8,FAA8,葩,private,0,U+8469
2066,0x811,0xFAA9,FAA9,葬,private,0,U+846C
2067,0x812,0xFAAA,FAAA,葵,private,0,U+8475
2068,0x813,0xFAAB,FAAB,蒙,private,0,U+8499
2069,0x814,0xFAAC,FAAC,蒜,private,0,U+849C
2070,0x815,0xFAAD,FAAD,蒸,private,0,U+84B8
2071,0x816,0xFAAE,FAAE,蒼,private,0,U+84BC
2072,0x817,0xFAAF,FAAF,蓄,private,0,U+84C4
2073,0x818,0xFAB0,FAB0,蓝,private,0,U+84DD
2074,0x819,0xFAB1,FAB1,蓬,private,0,U+84EC
2075,0x81A,0xFAB2,FAB2,蔫,private,0,U+852B
2076,0x81B,0xFAB3,FAB3,蔬,private,0,U+852C
2077,0x81C,0xFAB4,FAB4,蕉,private,0,U+8549
2078,0x81D,0xFAB5,FAB5,蕾,private,0,U+857E
2079,0x81E,0xFAB6,FAB6,薄,private,0,U+8584
2080,0x81F,0xFAB7,FAB7,薪,private,0,U+85AA
2081,0x820,0xFAB8,FAB8,藏,private,0,U+85CF
2082,0x821,0xFAB9,FAB9,藤,private,0,U+85E4
2083,0x822,0xFABA,FABA,虎,private,0,U+864E
2084,0x823,0xFABB,FABB,虑,private,0,U+8651
2085,0x824,0xFABC,FABC,虚,private,0,U+865A
2086,0x825,0xFABD,FABD,虫,private,0,U+866B
2087,0x826,0xFABE,FABE,虱,private,0,U+8671
2088,0x827,0xFABF,FABF,虹,private,0,U+8679
2089,0x828,0xFAC0,FAC0,虽,private,0,U+867D
2090,0x829,0xFAC1,FAC1,虾,private,0,U+867E
2091,0x82A,0xFAC2,FAC2,蚊,private,0,U+868A
2092,0x82B,0xFAC3,FAC3,蛇,private,0,U+86C7
2093,0x82C,0xFAC4,FAC4,蛋,private,0,U+86CB
2094,0x82D,0xFAC5,FAC5,蛮,private,0,U+86EE
2095,0x82E,0xFAC6,FAC6,蜂,private,0,U+8702
2096,0x82F,0xFAC7,FAC7,蜇,private,0,U+8707
2097,0x830,0xFAC8,FAC8,蜕,private,0,U+8715
2098,0x831,0xFAC9,FAC9,蜜,private,0,U+871C
2099,0x832,0xFACA,FACA,蝎,private,0,U+874E
2100,0x833,0xFACB,FACB,蝙,private,0,U+8759
2101,0x834,0xFACC,FACC,蝠,private,0,U+8760
2102,0x835,0xFACD,FACD,蝴,private,0,U+8774
2103,0x836,0xFACE,FACE,蝶,private,0,U+8776
2104,0x837,0xFACF,FACF,融,private,0,U+878D
2105,0x838,0xFAD0,FAD0,蟹,private,0,U+87F9
2106,0x839,0xFAD1,FAD1,蠢,private,0,U+8822
2107,0x83A,0xFAD2,FAD2,血,private,0,U+8840
2108,0x83B,0xFAD3,FAD3,衅,private,0,U+8845
2109,0x83C,0xFAD4,FAD4,行,private,0,U+884C
2110,0x83D,0xFAD5,FAD5,衍,private,0,U+884D
2111,0x83E,0xFAD6,FAD6,衔,private,0,U+8854
2112,0x83F,0xFAD7,FAD7,街,private,0,U+8857
2113,0x840,0xFAD8,FAD8,衡,private,0,U+8861
2114,0x841,0xFAD9,FAD9,衣,private,0,U+8863
2115,0x842,0xFADA,FADA,补,private,0,U+8865
2116,0x843,0xFADB,FADB,表,private,0,U+8868
2117,0x844,0xFADC,FADC,衫,private,0,U+886B
2118,0x845,0xFADD,FADD,衷,private,0,U+8877
2119,0x846,0xFADE,FADE,袋,private,0,U+888B
2120,0x847,0xFADF,FADF,袒,private,0,U+8892
2121,0x848,0xFAE0,FAE0,袖,private,0,U+8896
2122,0x849,0xFAE1,FAE1,被,private,0,U+88AB
2123,0x84A,0xFAE2,FAE2,袭,private,0,U+88AD
2124,0x84B,0xFAE3,FAE3,裁,private,0,U+88C1
2125,0x84C,0xFAE4,FAE4,裂,private,0,U+88C2
2126,0x84D,0xFAE5,FAE5,装,private,0,U+88C5
2127,0x84E,0xFAE6,FAE6,裕,private,0,U+88D5
2128,0x84F,0xFAE7,FAE7,裙,private,0,U+88D9
2129,0x850,0xFAE8,FAE8,裤,private,0,U+88E4
2130,0x851,0xFAE9,FAE9,裹,private,0,U+88F9
2131,0x852,0xFAEA,FAEA,褒,private,0,U+8912
2132,0x853,0xFAEB,FAEB,西,private,0,U+897F
2133,0x854,0xFAEC,FAEC,要,private,0,U+8981
2134,0x855,0xFAED,FAED,覆,private,0,U+8986
2135,0x856,0xFAEE,FAEE,见,private,0,U+89C1
2136,0x857,0xFAEF,FAEF,观,private,0,U+89C2
2137,0x858,0xFAF0,FAF0,规,private,0,U+89C4
2138,0x859,0xFAF1,FAF1,视,private,0,U+89C6
2139,0x85A,0xFAF2,FAF2,览,private,0,U+89C8
2140,0x85B,0xFAF3,FAF3,觉,private,0,U+89C9
2141,0x85C,0xFAF4,FAF4,角,private,0,U+89D2
2142,0x85D,0xFAF5,FAF5,解,private,0,U+89E3
2143,0x85E,0xFAF6,FAF6,触,private,0,U+89E6
2144,0x85F,0xFAF7,FAF7,言,private,0,U+8A00
2145,0x860,0xFAF8,FAF8,誉,private,0,U+8A89
2146,0x861,0xFAF9,FAF9,誓,private,0,U+8A93
2147,0x862,0xFAFA,FAFA,警,private,0,U+8B66
2148,0x863,0xFAFB,FAFB,计,private,0,U+8BA1
2149,0x864,0xFAFC,FAFC,订,private,0,U+8BA2
2150,0x865,0xFB40,FB40,认,private,0,U+8BA4
2151,0x866,0xFB41,FB41,讨,private,0,U+8BA8
2152,0x867,0xFB42,FB42,让,private,0,U+8BA9
2153,0x868,0xFB43,FB43,训,private,0,U+8BAD
2154,0x869,0xFB44,FB44,议,private,0,U+8BAE
2155,0x86A,0xFB45,FB45,讯,private,0,U+8BAF
2156,0x86B,0xFB46,FB46,记,private,0,U+8BB0
2157,0x86C,0xFB47,FB47,讲,private,0,U+8BB2
2158,0x86D,0xFB48,FB48,讶,private,0,U+8BB6
2159,0x86E,0xFB49,FB49,许,private,0,U+8BB8
2160,0x86F,0xFB4A,FB4A,论,private,0,U+8BBA
2161,0x870,0xFB4B,FB4B,设,private,0,U+8BBE
2162,0x871,0xFB4C,FB4C,访,private,0,U+8BBF
2163,0x872,0xFB4D,FB4D,诀,private,0,U+8BC0
2164,0x873,0xFB4E,FB4E,证,private,0,U+8BC1
2165,0x874,0xFB4F,FB4F,评,private,0,U+8BC4
2166,0x875,0xFB50,FB50,诅,private,0,U+8BC5
2167,0x876,0xFB51,FB51,识,private,0,U+8BC6
2168,0x877,0xFB52,FB52,诈,private,0,U+8BC8
2169,0x878,0xFB53,FB53,诉,private,0,U+8BC9
2170,0x879,0xFB54,FB54,词,private,0,U+8BCD
2171,0x87A,0xFB55,FB55,试,private,0,U+8BD5
2172,0x87B,0xFB56,FB56,诗,private,0,U+8BD7
2173,0x87C,0xFB57,FB57,诚,private,0,U+8BDA
2174,0x87D,0xFB58,FB58,话,private,0,U+8BDD
2175,0x87E,0xFB59,FB59,诞,private,0,U+8BDE
2176,0x87F,0xFB5A,FB5A,诡,private,0,U+8BE1
2177,0x880,0xFB5B,FB5B,询,private,0,U+8BE2
2178,0x881,0xFB5C,FB5C,该,private,0,U+8BE5
2179,0x882,0xFB5D,FB5D,详,private,0,U+8BE6
2180,0x883,0xFB5E,FB5E,语,private,0,U+8BED
2181,0x884,0xFB5F,FB5F,误,private,0,U+8BEF
2182,0x885,0xFB60,FB60,诱,private,0,U+8BF1
2183,0x886,0xFB61,FB61,诲,private,0,U+8BF2
2184,0x887,0xFB62,FB62,说,private,0,U+8BF4
2185,0x888,0xFB63,FB63,诶,private,0,U+8BF6
2186,0x889,0xFB64,FB64,请,private,0,U+8BF7
2187,0x88A,0xFB65,FB65,诸,private,0,U+8BF8
2188,0x88B,0xFB66,FB66,诺,private,0,U+8BFA
2189,0x88C,0xFB67,FB67,读,private,0,U+8BFB
2190,0x88D,0xFB68,FB68,课,private,0,U+8BFE
2191,0x88E,0xFB69,FB69,谁,private,0,U+8C01
2192,0x88F,0xFB6A,FB6A,调,private,0,U+8C03
2193,0x890,0xFB6B,FB6B,谅,private,0,U+8C05
2194,0x891,0xFB6C,FB6C,谈,private,0,U+8C08
2195,0x892,0xFB6D,FB6D,谋,private,0,U+8C0B
2196,0x893,0xFB6E,FB6E,谍,private,0,U+8C0D
2197,0x894,0xFB6F,FB6F,谎,private,0,U+8C0E
2198,0x895,0xFB70,FB70,谓,private,0,U+8C13
2199,0x896,0xFB71,FB71,谜,private,0,U+8C1C
2200,0x897,0xFB72,FB72,谢,private,0,U+8C22
2201,0x898,0xFB73,FB73,谣,private,0,U+8C23
2202,0x899,0xFB74,FB74,谨,private,0,U+8C28
2203,0x89A,0xFB75,FB75,谱,private,0,U+8C31
2204,0x89B,0xFB76,FB76,谷,private,0,U+8C37
2205,0x89C,0xFB77,FB77,豁,private,0,U+8C41
2206,0x89D,0xFB78,FB78,豆,private,0,U+8C46
2207,0x89E,0xFB79,FB79,豚,private,0,U+8C5A
2208,0x89F,0xFB7A,FB7A,象,private,0,U+8C61
2209,0x8A0,0xFB7B,FB7B,豪,private,0,U+8C6A
2210,0x8A1,0xFB7C,FB7C,豫,private,0,U+8C6B
2211,0x8A2,0xFB7D,FB7D,貌,private,0,U+8C8C
2212,0x8A3,0xFB7E,FB7E,贝,private,0,U+8D1D
2213,0x8A4,0xFB80,FB80,负,private,0,U+8D1F
2214,0x8A5,0xFB81,FB81,财,private,0,U+8D22
2215,0x8A6,0xFB82,FB82,责,private,0,U+8D23
2216,0x8A7,0xFB83,FB83,败,private,0,U+8D25
2217,0x8A8,0xFB84,FB84,货,private,0,U+8D27
2218,0x8A9,0xFB85,FB85,质,private,0,U+8D28
2219,0x8AA,0xFB86,FB86,贩,private,0,U+8D29
2220,0x8AB,0xFB87,FB87,贪,private,0,U+8D2A
2221,0x8AC,0xFB88,FB88,贫,private,0,U+8D2B
2222,0x8AD,0xFB89,FB89,购,private,0,U+8D2D
2223,0x8AE,0xFB8A,FB8A,贯,private,0,U+8D2F
2224,0x8AF,0xFB8B,FB8B,贴,private,0,U+8D34
2225,0x8B0,0xFB8C,FB8C,贵,private,0,U+8D35
2226,0x8B1,0xFB8D,FB8D,费,private,0,U+8D39
2227,0x8B2,0xFB8E,FB8E,贺,private,0,U+8D3A
2228,0x8B3,0xFB8F,FB8F,贼,private,0,U+8D3C
2229,0x8B4,0xFB90,FB90,资,private,0,U+8D44
2230,0x8B5,0xFB91,FB91,赋,private,0,U+8D4B
2231,0x8B6,0xFB92,FB92,赌,private,0,U+8D4C
2232,0x8B7,0xFB93,FB93,赏,private,0,U+8D4F
2233,0x8B8,0xFB94,FB94,赔,private,0,U+8D54
2234,0x8B9,0xFB95,FB95,赖,private,0,U+8D56
2235,0x8BA,0xFB96,FB96,赚,private,0,U+8D5A
2236,0x8BB,0xFB97,FB97,赛,private,0,U+8D5B
2237,0x8BC,0xFB98,FB98,赞,private,0,U+8D5E
2238,0x8BD,0xFB99,FB99,赠,private,0,U+8D60
2239,0x8BE,0xFB9A,FB9A,赢,private,0,U+8D62
2240,0x8BF,0xFB9B,FB9B,赤,private,0,U+8D64
2241,0x8C0,0xFB9C,FB9C,走,private,0,U+8D70
2242,0x8C1,0xFB9D,FB9D,赴,private,0,U+8D74
2243,0x8C2,0xFB9E,FB9E,赶,private,0,U+8D76
2244,0x8C3,0xFB9F,FB9F,起,private,0,U+8D77
2245,0x8C4,0xFBA0,FBA0,趁,private,0,U+8D81
2246,0x8C5,0xFBA1,FBA1,超,private,0,U+8D85
2247,0x8C6,0xFBA2,FBA2,越,private,0,U+8D8A
2248,0x8C7,0xFBA3,FBA3,趋,private,0,U+8D8B
2249,0x8C8,0xFBA4,FBA4,趟,private,0,U+8D9F
2250,0x8C9,0xFBA5,FBA5,趣,private,0,U+8DA3
2251,0x8CA,0xFBA6,FBA6,足,private,0,U+8DB3
2252,0x8CB,0xFBA7,FBA7,趴,private,0,U+8DB4
2253,0x8CC,0xFBA8,FBA8,趾,private,0,U+8DBE
2254,0x8CD,0xFBA9,FBA9,跃,private,0,U+8DC3
2255,0x8CE,0xFBAA,FBAA,跌,private,0,U+8DCC
2256,0x8CF,0xFBAB,FBAB,跑,private,0,U+8DD1
2257,0x8D0,0xFBAC,FBAC,跚,private,0,U+8DDA
2258,0x8D1,0xFBAD,FBAD,距,private,0,U+8DDD
2259,0x8D2,0xFBAE,FBAE,跟,private,0,U+8DDF
2260,0x8D3,0xFBAF,FBAF,跤,private,0,U+8DE4
2261,0x8D4,0xFBB0,FBB0,跨,private,0,U+8DE8
2262,0x8D5,0xFBB1,FBB1,跪,private,0,U+8DEA
2263,0x8D6,0xFBB2,FBB2,路,private,0,U+8DEF
2264,0x8D7,0xFBB3,FBB3,跳,private,0,U+8DF3
2265,0x8D8,0xFBB4,FBB4,践,private,0,U+8DF5
2266,0x8D9,0xFBB5,FBB5,跷,private,0,U+8DF7
2267,0x8DA,0xFBB6,FBB6,踏,private,0,U+8E0F
2268,0x8DB,0xFBB7,FBB7,踝,private,0,U+8E1D
2269,0x8DC,0xFBB8,FBB8,踢,private,0,U+8E22
2270,0x8DD,0xFBB9,FBB9,踩,private,0,U+8E29
2271,0x8DE,0xFBBA,FBBA,踪,private,0,U+8E2A
2272,0x8DF,0xFBBB,FBBB,踮,private,0,U+8E2E
2273,0x8E0,0xFBBC,FBBC,踵,private,0,U+8E35
2274,0x8E1,0xFBBD,FBBD,蹈,private,0,U+8E48
2275,0x8E2,0xFBBE,FBBE,蹑,private,0,U+8E51
2276,0x8E3,0xFBBF,FBBF,蹒,private,0,U+8E52
2277,0x8E4,0xFBC0,FBC0,蹦,private,0,U+8E66
2278,0x8E5,0xFBC1,FBC1,蹭,private,0,U+8E6D
2279,0x8E6,0xFBC2,FBC2,蹲,private,0,U+8E72
2280,0x8E7,0xFBC3,FBC3,躁,private,0,U+8E81
2281,0x8E8,0xFBC4,FBC4,身,private,0,U+8EAB
2282,0x8E9,0xFBC5,FBC5,躲,private,0,U+8EB2
2283,0x8EA,0xFBC6,FBC6,车,private,0,U+8F66
2284,0x8EB,0xFBC7,FBC7,轨,private,0,U+8F68
2285,0x8EC,0xFBC8,FBC8,转,private,0,U+8F6C
2286,0x8ED,0xFBC9,FBC9,轮,private,0,U+8F6E
2287,0x8EE,0xFBCA,FBCA,软,private,0,U+8F6F
2288,0x8EF,0xFBCB,FBCB,轰,private,0,U+8F70
2289,0x8F0,0xFBCC,FBCC,轻,private,0,U+8F7B
2290,0x8F1,0xFBCD,FBCD,载,private,0,U+8F7D
2291,0x8F2,0xFBCE,FBCE,较,private,0,U+8F83
2292,0x8F3,0xFBCF,FBCF,辅,private,0,U+8F85
2293,0x8F4,0xFBD0,FBD0,辆,private,0,U+8F86
2294,0x8F5,0xFBD1,FBD1,辈,private,0,U+8F88
2295,0x8F6,0xFBD2,FBD2,辉,private,0,U+8F89
2296,0x8F7,0xFBD3,FBD3,辑,private,0,U+8F91
2297,0x8F8,0xFBD4,FBD4,输,private,0,U+8F93
2298,0x8F9,0xFBD5,FBD5,辛,private,0,U+8F9B
2299,0x8FA,0xFBD6,FBD6,辜,private,0,U+8F9C
2300,0x8FB,0xFBD7,FBD7,辞,private,0,U+8F9E
2301,0x8FC,0xFBD8,FBD8,辣,private,0,U+8FA3
2302,0x8FD,0xFBD9,FBD9,辨,private,0,U+8FA8
2303,0x8FE,0xFBDA,FBDA,辰,private,0,U+8FB0
2304,0x8FF,0xFBDB,FBDB,边,private,0,U+8FB9
2305,0x900,0xFBDC,FBDC,达,private,0,U+8FBE
2306,0x901,0xFBDD,FBDD,迁,private,0,U+8FC1
2307,0x902,0xFBDE,FBDE,迄,private,0,U+8FC4
2308,0x903,0xFBDF,FBDF,迅,private,0,U+8FC5
2309,0x904,0xFBE0,FBE0,过,private,0,U+8FC7
2310,0x905,0xFBE1,FBE1,迈,private,0,U+8FC8
2311,0x906,0xFBE2,FBE2,迎,private,0,U+8FCE
2312,0x907,0xFBE3,FBE3,运,private,0,U+8FD0
2313,0x908,0xFBE4,FBE4,近,private,0,U+8FD1
2314,0x909,0xFBE5,FBE5,返,private,0,U+8FD4
2315,0x90A,0xFBE6,FBE6,还,private,0,U+8FD8
2316,0x90B,0xFBE7,FBE7,这,private,0,U+8FD9
2317,0x90C,0xFBE8,FBE8,进,private,0,U+8FDB
2318,0x90D,0xFBE9,FBE9,远,private,0,U+8FDC
2319,0x90E,0xFBEA,FBEA,违,private,0,U+8FDD
2320,0x90F,0xFBEB,FBEB,连,private,0,U+8FDE
2321,0x910,0xFBEC,FBEC,迟,private,0,U+8FDF
2322,0x911,0xFBED,FBED,迪,private,0,U+8FEA
2323,0x912,0xFBEE,FBEE,迫,private,0,U+8FEB
2324,0x913,0xFBEF,FBEF,迷,private,0,U+8FF7
2325,0x914,0xFBF0,FBF0,迹,private,0,U+8FF9
2326,0x915,0xFBF1,FBF1,追,private,0,U+8FFD
2327,0x916,0xFBF2,FBF2,退,private,0,U+9000
2328,0x917,0xFBF3,FBF3,送,private,0,U+9001
2329,0x918,0xFBF4,FBF4,适,private,0,U+9002
2330,0x919,0xFBF5,FBF5,逃,private,0,U+9003
2331,0x91A,0xFBF6,FBF6,逆,private,0,U+9006
2332,0x91B,0xFBF7,FBF7,选,private,0,U+9009
2333,0x91C,0xFBF8,FBF8,透,private,0,U+900F
2334,0x91D,0xFBF9,FBF9,逐,private,0,U+9010
2335,0x91E,0xFBFA,FBFA,递,private,0,U+9012
2336,0x91F,0xFBFB,FBFB,途,private,0,U+9014
2337,0x920,0xFBFC,FBFC,逗,private,0,U+9017
2338,0x921,0xFC40,FC40,通,private,0,U+901A
2339,0x922,0xFC41,FC41,逛,private,0,U+901B
2340,0x923,0xFC42,FC42,逝,private,0,U+901D
2341,0x924,0xFC43,FC43,逞,private,0,U+901E
2342,0x925,0xFC44,FC44,速,private,0,U+901F
2343,0x926,0xFC45,FC45,造,private,0,U+9020
2344,0x927,0xFC46,FC46,逢,private,0,U+9022
2345,0x928,0xFC47,FC47,逸,private,0,U+9038
2346,0x929,0xFC48,FC48,逻,private,0,U+903B
2347,0x92A,0xFC49,FC49,逼,private,0,U+903C
2348,0x92B,0xFC4A,FC4A,遇,private,0,U+9047
2349,0x92C,0xFC4B,FC4B,遍,private,0,U+904D
2350,0x92D,0xFC4C,FC4C,道,private,0,U+9053
2351,0x92E,0xFC4D,FC4D,遗,private,0,U+9057
2352,0x92F,0xFC4E,FC4E,遛,private,0,U+905B
2353,0x930,0xFC4F,FC4F,遢,private,0,U+9062
2354,0x931,0xFC50,FC50,遥,private,0,U+9065
2355,0x932,0xFC51,FC51,遭,private,0,U+906D
2356,0x933,0xFC52,FC52,遮,private,0,U+906E
2357,0x934,0xFC53,FC53,遵,private,0,U+9075
2358,0x935,0xFC54,FC54,避,private,0,U+907F
2359,0x936,0xFC55,FC55,邀,private,0,U+9080
2360,0x937,0xFC56,FC56,邋,private,0,U+908B
2361,0x938,0xFC57,FC57,那,private,0,U+90A3
2362,0x939,0xFC58,FC58,邦,private,0,U+90A6
2363,0x93A,0xFC59,FC59,邪,private,0,U+90AA
2364,0x93B,0xFC5A,FC5A,邮,private,0,U+90AE
2365,0x93C,0xFC5B,FC5B,邸,private,0,U+90B8
2366,0x93D,0xFC5C,FC5C,邻,private,0,U+90BB
2367,0x93E,0xFC5D,FC5D,郁,private,0,U+90C1
2368,0x93F,0xFC5E,FC5E,郊,private,0,U+90CA
2369,0x940,0xFC5F,FC5F,郎,private,0,U+90CE
2370,0x941,0xFC60,FC60,郑,private,0,U+90D1
2371,0x942,0xFC61,FC61,部,private,0,U+90E8
2372,0x943,0xFC62,FC62,都,private,0,U+90FD
2373,0x944,0xFC63,FC63,配,private,0,U+914D
2374,0x945,0xFC64,FC64,酒,private,0,U+9152
2375,0x946,0xFC65,FC65,酪,private,0,U+916A
2376,0x947,0xFC66,FC66,酱,private,0,U+9171
2377,0x948,0xFC67,FC67,酷,private,0,U+9177
2378,0x949,0xFC68,FC68,酸,private,0,U+9178
2379,0x94A,0xFC69,FC69,酿,private,0,U+917F
2380,0x94B,0xFC6A,FC6A,醉,private,0,U+9189
2381,0x94C,0xFC6B,FC6B,醋,private,0,U+918B
2382,0x94D,0xFC6C,FC6C,醒,private,0,U+9192
2383,0x94E,0xFC6D,FC6D,采,private,0,U+91C7
2384,0x94F,0xFC6E,FC6E,释,private,0,U+91CA
2385,0x950,0xFC6F,FC6F,里,private,0,U+91CC
2386,0x951,0xFC70,FC70,重,private,0,U+91CD
2387,0x952,0xFC71,FC71,野,private,0,U+91CE
2388,0x953,0xFC72,FC72,量,private,0,U+91CF
2389,0x954,0xFC73,FC73,金,private,0,U+91D1
2390,0x955,0xFC74,FC74,鉴,private,0,U+9274
2391,0x956,0xFC75,FC75,针,private,0,U+9488
2392,0x957,0xFC76,FC76,钝,private,0,U+949D
2393,0x958,0xFC77,FC77,钞,private,0,U+949E
2394,0x959,0xFC78,FC78,钟,private,0,U+949F
2395,0x95A,0xFC79,FC79,钩,private,0,U+94A9
2396,0x95B,0xFC7A,FC7A,钮,private,0,U+94AE
2397,0x95C,0xFC7B,FC7B,钱,private,0,U+94B1
2398,0x95D,0xFC7C,FC7C,钻,private,0,U+94BB
2399,0x95E,0xFC7D,FC7D,铁,private,0,U+94C1
2400,0x95F,0xFC7E,FC7E,铃,private,0,U+94C3
2401,0x960,0xFC80,FC80,铛,private,0,U+94DB
2402,0x961,0xFC81,FC81,铭,private,0,U+94ED
2403,0x962,0xFC82,FC82,银,private,0,U+94F6
2404,0x963,0xFC83,FC83,铺,private,0,U+94FA
2405,0x964,0xFC84,FC84,销,private,0,U+9500
2406,0x965,0xFC85,FC85,锅,private,0,U+9505
2407,0x966,0xFC86,FC86,锋,private,0,U+950B
2408,0x967,0xFC87,FC87,锐,private,0,U+9510
2409,0x968,0xFC88,FC88,错,private,0,U+9519
2410,0x969,0xFC89,FC89,锭,private,0,U+952D
2411,0x96A,0xFC8A,FC8A,键,private,0,U+952E
2412,0x96B,0xFC8B,FC8B,锵,private,0,U+9535
2413,0x96C,0xFC8C,FC8C,锻,private,0,U+953B
2414,0x96D,0xFC8D,FC8D,镇,private,0,U+9547
2415,0x96E,0xFC8E,FC8E,镍,private,0,U+954D
2416,0x96F,0xFC8F,FC8F,镖,private,0,U+9556
2417,0x970,0xFC90,FC90,镜,private,0,U+955C
2418,0x971,0xFC91,FC91,长,private,0,U+957F
2419,0x972,0xFC92,FC92,门,private,0,U+95E8
2420,0x973,0xFC93,FC93,闪,private,0,U+95EA
2421,0x974,0xFC94,FC94,闭,private,0,U+95ED
2422,0x975,0xFC95,FC95,问,private,0,U+95EE
2423,0x976,0xFC96,FC96,闯,private,0,U+95EF
2424,0x977,0xFC97,FC97,闲,private,0,U+95F2
2425,0x978,0xFC98,FC98,间,private,0,U+95F4
2426,0x979,0xFC99,FC99,闷,private,0,U+95F7
2427,0x97A,0xFC9A,FC9A,闹,private,0,U+95F9
2428,0x97B,0xFC9B,FC9B,闻,private,0,U+95FB
2429,0x97C,0xFC9C,FC9C,阁,private,0,U+9601
2430,0x97D,0xFC9D,FC9D,阅,private,0,U+9605
2431,0x97E,0xFC9E,FC9E,阔,private,0,U+9614
2432,0x97F,0xFC9F,FC9F,阜,private,0,U+961C
2433,0x980,0xFCA0,FCA0,队,private,0,U+961F
2434,0x981,0xFCA1,FCA1,阪,private,0,U+962A
2435,0x982,0xFCA2,FCA2,阱,private,0,U+9631
2436,0x983,0xFCA3,FCA3,防,private,0,U+9632
2437,0x984,0xFCA4,FCA4,阳,private,0,U+9633
2438,0x985,0xFCA5,FCA5,阴,private,0,U+9634
2439,0x986,0xFCA6,FCA6,阵,private,0,U+9635
2440,0x987,0xFCA7,FCA7,阶,private,0,U+9636
2441,0x988,0xFCA8,FCA8,阻,private,0,U+963B
2442,0x989,0xFCA9,FCA9,阿,private,0,U+963F
2443,0x98A,0xFCAA,FCAA,附,private,0,U+9644
2444,0x98B,0xFCAB,FCAB,际,private,0,U+9645
2445,0x98C,0xFCAC,FCAC,陆,private,0,U+9646
2446,0x98D,0xFCAD,FCAD,陈,private,0,U+9648
2447,0x98E,0xFCAE,FCAE,陌,private,0,U+964C
2448,0x98F,0xFCAF,FCAF,降,private,0,U+964D
2449,0x990,0xFCB0,FCB0,限,private,0,U+9650
2450,0x991,0xFCB1,FCB1,院,private,0,U+9662
2451,0x992,0xFCB2,FCB2,除,private,0,U+9664
2452,0x993,0xFCB3,FCB3,险,private,0,U+9669
2453,0x994,0xFCB4,FCB4,陪,private,0,U+966A
2454,0x995,0xFCB5,FCB5,陷,private,0,U+9677
2455,0x996,0xFCB6,FCB6,陽,private,0,U+967D
2456,0x997,0xFCB7,FCB7,隅,private,0,U+9685
2457,0x998,0xFCB8,FCB8,隆,private,0,U+9686
2458,0x999,0xFCB9,FCB9,随,private,0,U+968F
2459,0x99A,0xFCBA,FCBA,隐,private,0,U+9690
2460,0x99B,0xFCBB,FCBB,隔,private,0,U+9694
2461,0x99C,0xFCBC,FCBC,隙,private,0,U+9699
2462,0x99D,0xFCBD,FCBD,难,private,0,U+96BE
2463,0x99E,0xFCBE,FCBE,雀,private,0,U+96C0
2464,0x99F,0xFCBF,FCBF,雄,private,0,U+96C4
2465,0x9A0,0xFCC0,FCC0,雅,private,0,U+96C5
2466,0x9A1,0xFCC1,FCC1,集,private,0,U+96C6
2467,0x9A2,0xFCC2,FCC2,雇,private,0,U+96C7
2468,0x9A3,0xFCC3,FCC3,雏,private,0,U+96CF
2469,0x9A4,0xFCC4,FCC4,雕,private,0,U+96D5
2470,0x9A5,0xFCC5,FCC5,雨,private,0,U+96E8
2471,0x9A6,0xFCC6,FCC6,雪,private,0,U+96EA
2472,0x9A7,0xFCC7,FCC7,零,private,0,U+96F6
2473,0x9A8,0xFCC8,FCC8,雷,private,0,U+96F7
2474,0x9A9,0xFCC9,FCC9,需,private,0,U+9700
2475,0x9AA,0xFCCA,FCCA,震,private,0,U+9707
2476,0x9AB,0xFCCB,FCCB,露,private,0,U+9732
2477,0x9AC,0xFCCC,FCCC,霸,private,0,U+9738
2478,0x9AD,0xFCCD,FCCD,青,private,0,U+9752
2479,0x9AE,0xFCCE,FCCE,静,private,0,U+9759
2480,0x9AF,0xFCCF,FCCF,靛,private,0,U+975B
2481,0x9B0,0xFCD0,FCD0,非,private,0,U+975E
2482,0x9B1,0xFCD1,FCD1,靠,private,0,U+9760
2483,0x9B2,0xFCD2,FCD2,面,private,0,U+9762
2484,0x9B3,0xFCD3,FCD3,鞋,private,0,U+978B
2485,0x9B4,0xFCD4,FCD4,鞭,private,0,U+97AD
2486,0x9B5,0xFCD5,FCD5,韦,private,0,U+97E6
2487,0x9B6,0xFCD6,FCD6,韧,private,0,U+97E7
2488,0x9B7,0xFCD7,FCD7,音,private,0,U+97F3
2489,0x9B8,0xFCD8,FCD8,韵,private,0,U+97F5
2490,0x9B9,0xFCD9,FCD9,页,private,0,U+9875
2491,0x9BA,0xFCDA,FCDA,顶,private,0,U+9876
2492,0x9BB,0xFCDB,FCDB,项,private,0,U+9879
2493,0x9BC,0xFCDC,FCDC,顺,private,0,U+987A
2494,0x9BD,0xFCDD,FCDD,须,private,0,U+987B
2495,0x9BE,0xFCDE,FCDE,顽,private,0,U+987D
2496,0x9BF,0xFCDF,FCDF,顾,private,0,U+987E
2497,0x9C0,0xFCE0,FCE0,顿,private,0,U+987F
2498,0x9C1,0xFCE1,FCE1,颁,private,0,U+9881
2499,0x9C2,0xFCE2,FCE2,颂,private,0,U+9882
2500,0x9C3,0xFCE3,FCE3,预,private,0,U+9884
2501,0x9C4,0xFCE4,FCE4,领,private,0,U+9886
2502,0x9C5,0xFCE5,FCE5,颈,private,0,U+9888
2503,0x9C6,0xFCE6,FCE6,颊,private,0,U+988A
2504,0x9C7,0xFCE7,FCE7,频,private,0,U+9891
2505,0x9C8,0xFCE8,FCE8,颖,private,0,U+9896
2506,0x9C9,0xFCE9,FCE9,颗,private,0,U+9897
2507,0x9CA,0xFCEA,FCEA,题,private,0,U+9898
2508,0x9CB,0xFCEB,FCEB,颜,private,0,U+989C
2509,0x9CC,0xFCEC,FCEC,额,private,0,U+989D
2510,0x9CD,0xFCED,FCED,颠,private,0,U+98A0
2511,0x9CE,0xFCEE,FCEE,颤,private,0,U+98A4
2512,0x9CF,0xFCEF,FCEF,风,private,0,U+98CE
2513,0x9D0,0xFCF0,FCF0,飕,private,0,U+98D5
2514,0x9D1,0xFCF1,FCF1,飘,private,0,U+98D8
2515,0x9D2,0xFCF2,FCF2,飙,private,0,U+98D9
2516,0x9D3,0xFCF3,FCF3,飞,private,0,U+98DE
2517,0x9D4,0xFCF4,FCF4,食,private,0,U+98DF
2518,0x9D5,0xFCF5,FCF5,飯,private,0,U+98EF
2519,0x9D6,0xFCF6,FCF6,餐,private,0,U+9910
2520,0x9D7,0xFCF7,FCF7,饪,private,0,U+996A
2521,0x9D8,0xFCF8,FCF8,饭,private,0,U+996D
2522,0x9D9,0xFCF9,FCF9,饮,private,0,U+996E
2523,0x9DA,0xFCFA,FCFA,饰,private,0,U+9970
2524,0x9DB,0xFCFB,FCFB,饱,private,0,U+9971
2525,0x9DC,0xFCFC,FCFC,饶,private,0,U+9976
2526,0x9DD,0xFD40,FD40,饼,private,0,U+997C
2527,0x9DE,0xFD41,FD41,饿,private,0,U+997F
2528,0x9DF,0xFD42,FD42,馁,private,0,U+9981
2529,0x9E0,0xFD43,FD43,馆,private,0,U+9986
2530,0x9E1,0xFD44,FD44,首,private,0,U+9996
2531,0x9E2,0xFD45,FD45,香,private,0,U+9999
2532,0x9E3,0xFD46,FD46,马,private,0,U+9A6C
2533,0x9E4,0xFD47,FD47,驰,private,0,U+9A70
2534,0x9E5,0xFD48,FD48,驱,private,0,U+9A71
2535,0x9E6,0xFD49,FD49,驳,private,0,U+9A73
2536,0x9E7,0xFD4A,FD4A,驷,private,0,U+9A77
2537,0x9E8,0xFD4B,FD4B,驼,private,0,U+9A7C
2538,0x9E9,0xFD4C,FD4C,驾,private,0,U+9A7E
2539,0x9EA,0xFD4D,FD4D,驿,private,0,U+9A7F
2540,0x9EB,0xFD4E,FD4E,骂,private,0,U+9A82
2541,0x9EC,0xFD4F,FD4F,骄,private,0,U+9A84
2542,0x9ED,0xFD50,FD50,验,private,0,U+9A8C
2543,0x9EE,0xFD51,FD51,骑,private,0,U+9A91
2544,0x9EF,0xFD52,FD52,骗,private,0,U+9A97
2545,0x9F0,0xFD53,FD53,骚,private,0,U+9A9A
2546,0x9F1,0xFD54,FD54,骨,private,0,U+9AA8
2547,0x9F2,0xFD55,FD55,高,private,0,U+9AD8
2548,0x9F3,0xFD56,FD56,髦,private,0,U+9AE6
2549,0x9F4,0xFD57,FD57,鬘,private,0,U+9B18
2550,0x9F5,0xFD58,FD58,鬼,private,0,U+9B3C
2551,0x9F6,0xFD59,FD59,魂,private,0,U+9B42
2552,0x9F7,0xFD5A,FD5A,魄,private,0,U+9B44
2553,0x9F8,0xFD5B,FD5B,魅,private,0,U+9B45
2554,0x9F9,0xFD5C,FD5C,魔,private,0,U+9B54
2555,0x9FA,0xFD5D,FD5D,鱼,private,0,U+9C7C
2556,0x9FB,0xFD5E,FD5E,鱿,private,0,U+9C7F
2557,0x9FC,0xFD5F,FD5F,鲁,private,0,U+9C81
2558,0x9FD,0xFD60,FD60,鲔,private,0,U+9C94
2559,0x9FE,0xFD61,FD61,鲜,private,0,U+9C9C
2560,0x9FF,0xFD62,FD62,鲤,private,0,U+9CA4
2561,0xA00,0xFD63,FD63,鲨,private,0,U+9CA8
2562,0xA01,0xFD64,FD64,鲷,private,0,U+9CB7
2563,0xA02,0xFD65,FD65,鲸,private,0,U+9CB8
2564,0xA03,0xFD66,FD66,鳌,private,0,U+9CCC
2565,0xA04,0xFD67,FD67,鳗,private,0,U+9CD7
2566,0xA05,0xFD68,FD68,鳥,private,0,U+9CE5
2567,0xA06,0xFD69,FD69,鸟,private,0,U+9E1F
2568,0xA07,0xFD6A,FD6A,鸡,private,0,U+9E21
2569,0xA08,0xFD6B,FD6B,鸦,private,0,U+9E26
2570,0xA09,0xFD6C,FD6C,鸽,private,0,U+9E3D
2571,0xA0A,0xFD6D,FD6D,鹃,private,0,U+9E43
2572,0xA0B,0xFD6E,FD6E,鹅,private,0,U+9E45
2573,0xA0C,0xFD6F,FD6F,鹊,private,0,U+9E4A
2574,0xA0D,0xFD70,FD70,鹤,private,0,U+9E64
2575,0xA0E,0xFD71,FD71,鹫,private,0,U+9E6B
2576,0xA0F,0xFD72,FD72,鹭,private,0,U+9E6D
2577,0xA10,0xFD73,FD73,鹰,private,0,U+9E70
2578,0xA11,0xFD74,FD74,鹳,private,0,U+9E73
2579,0xA12,0xFD75,FD75,鹿,private,0,U+9E7F
2580,0xA13,0xFD76,FD76,麝,private,0,U+9E9D
2581,0xA14,0xFD77,FD77,麦,private,0,U+9EA6
2582,0xA15,0xFD78,FD78,麻,private,0,U+9EBB
2583,0xA16,0xFD79,FD79,黄,private,0,U+9EC4
2584,0xA17,0xFD7A,FD7A,黏,private,0,U+9ECF
2585,0xA18,0xFD7B,FD7B,黑,private,0,U+9ED1
2586,0xA19,0xFD7C,FD7C,默,private,0,U+9ED8
2587,0xA1A,0xFD7D,FD7D,鼓,private,0,U+9F13
2588,0xA1B,0xFD7E,FD7E,鼻,private,0,U+9F3B
2589,0xA1C,0xFD80,FD80,齐,private,0,U+9F50
2590,0xA1D,0xFD81,FD81,齿,private,0,U+9F7F
2591,0xA1E,0xFD82,FD82,龄,private,0,U+9F84
2592,0xA1F,0xFD83,FD83,龙,private,0,U+9F99
2593,0xA20,0xFD84,FD84,龛,private,0,U+9F9B
